code,actual_controller,ownership_type
000001,,no_controller
000002,,no_controller
000006,深圳市人民政府国有资产监督管理委员会,state
000007,李成碧,private
000008,文炳荣,private
000009,,no_controller
000010,"曹永红,刘德明",private
000011,深圳市国有资产监督管理局,state
000012,,no_controller
000014,深圳市人民政府国有资产监督管理委员会,state
000016,国务院国有资产监督管理委员会,state
000017,张燕芬,private
000019,深圳市人民政府国有资产监督管理委员会,state
000020,李中秋,private
000021,国务院国有资产监督管理委员会,state
000025,深圳市国有资产监督管理局,state
000026,国务院国有资产监督管理委员会,state
000027,深圳市国有资产监督管理局,state
000028,国务院国有资产监督管理委员会,state
000029,深圳市国有资产监督管理局,state
000030,郭涛,private
000031,国务院国有资产监督管理委员会,state
000032,国务院国有资产监督管理委员会,state
000034,深圳市人民政府国有资产监督管理委员会,state
000035,"曹小竹,范伟",private
000036,杭州锦江集团有限公司,private
000037,,no_controller
000039,国务院国有资产监督管理委员会,state
000042,深圳市人民政府国有资产监督管理委员会,state
000045,深圳市国有资产监督管理局,state
000048,罗爱华,private
000049,惠州市国有资产监督管理委员会,state
000050,国务院国有资产监督管理委员会,state
000055,熊建明,private
000056,郑康豪,private
000058,深圳市人民政府国有资产监督管理局,state
000059,国务院国有资产监督管理委员会,state
000060,广东省人民政府国有资产监督管理委员会,state
000061,深圳市国有资产监督管理局,state
000062,,no_controller
000063,,no_controller
000065,国务院国有资产监督管理委员会,state
000066,国务院国有资产监督管理委员会,state
000068,,no_controller
000069,国务院国有资产监督管理委员会,state
000070,深圳市国有资产监督管理局,state
000078,王劲松,private
000088,深圳市国有资产监督管理局,state
000089,深圳市国有资产监督管理局,state
000090,深圳市国有资产监督管理局,state
000096,,no_controller
000099,中华人民共和国财政部,private
000100,,no_controller
000151,国家开发投资公司,private
000153,蚌埠市国有资产监督管理委员会,state
000155,四川省国有资产监督管理委员会,state
000156,鄢彩宏(湖南鸿仪投资发展有限公司),private
000157,湖南省人民政府国有资产监督管理委员会,state
000158,石家庄市国有资产监督管理委员会,state
000159,张彦夫,private
000166,中央汇金投资有限责任公司,private
000301,吴江市国有(集体)资产管理委员会,state
000333,何享健,private
000338,山东省国有资产监督管理委员会,state
000400,国务院国有资产监督管理委员会,state
000401,唐山市人民政府国有资产监督管理委员会,state
000402,北京市西城区国有资产监督管理委员会,state
000403,史珉志,private
000404,绵阳市国有资产监督管理委员会,state
000407,,no_controller
000408,"邵萍,路联",private
000409,安徽省蚌埠市国有资产监督管理委员会,state
000410,沈阳市国有资产监督管理委员会,state
000411,国务院国有资产监督管理委员会,state
000415,黄善年,private
000417,合肥市国有资产管理委员会,state
000419,长沙市国有资产监督管理委员会,state
000420,吉林省人民政府国有资产监督管理委员会,state
000421,南京市人民政府国有资产监督管理委员会,state
000422,宜昌市国有资产监督管理委员会,state
000423,国务院国有资产监督管理委员会,state
000425,徐州市人民政府,state
000426,赤峰市经济委员会,private
000428,湖南省国有资产监督管理委员会,state
000429,,no_controller
000430,张家界旅游经济开发区管理委员会,private
000488,寿光市国有资产管理局,state
000498,"张宗真,陈爱钦,张源",private
000501,武汉市国有资产监督管理委员会,state
000503,林宗岐,private
000504,中国电子信息产业发展研究院,state
000505,北京市国有资产监督管理委员会,state
000506,郑峰文,private
000507,珠海市人民政府国有资产监督管理委员会,state
000509,山东省国有资产监督管理委员会,state
000510,刘汉,private
000513,朱保国,private
000514,重庆市国有资产监督管理委员会,state
000516,刘建申,private
000517,王久芳及其一致行动人,private
000518,江阴市新桥镇集体资产管理委员会,private
000519,国务院国有资产监督管理委员会,state
000520,国务院国有资产监督管理委员会,state
000521,绵阳市国有资产管理委员会,state
000523,广东省广州市人民政府,state
000524,广州市人民政府国有资产监督管理委员会,state
000525,高淳县国有资产经营(控股)有限公司,state
000526,黄少良,private
000528,广西壮族自治区国有资产管理委员会,state
000529,广东省国有资产监督管理委员会,state
000530,大连市人民政府国有资产监督管理委员会,state
000531,广州开发区管理委员会,private
000532,珠海市人民政府国有资产监督管理委员会,state
000533,张明园,private
000534,林伟光,private
000536,大同股份有限公司,private
000537,国务院国有资产监督管理委员会,state
000538,云南省人民政府国有资产监督管理委员会,state
000539,广东省人民政府国有资产监督管理委员会,state
000541,,no_controller
000543,安徽省国有资产监督管理委员会,state
000544,郑州市人民政府,state
000545,广州市国资委,state
000546,广东省委宣传部,private
000547,章高路,private
000548,长沙市国有资产监督管理委员会,state
000550,"南昌市国有资产监督管理委员会,国务院国有资产监督管理委员会",state
000551,苏州市人民政府国有资产监督管理委员会,state
000552,甘肃省国有资产监督管理委员会,state
000553,国务院国有资产监督管理委员会,state
000554,国务院国有资产监督管理委员会,state
000555,昆山市国有(集体)资产管理委员会,state
000557,,no_controller
000558,高继胜,private
000559,鲁冠球,private
000560,何道峰,private
000561,陕西省人民政府国有资产监督管理委员会,state
000563,陕西省人民政府国有资产监督管理委员会,state
000564,海南航空股份有限公司工会委员会,private
000565,重庆市国有资产监督管理委员会,state
000566,刘悉承,private
000567,汪曦光等37名自然人,private
000568,泸州市国有资产监督管理委员会,state
000570,常州市人民政府国有资产监督管理委员会,state
000571,赵序宏,private
000572,景柱,private
000573,陈林,private
000576,江门市资产管理局,private
000581,江苏省无锡市国有资产管理委员会,state
000582,广西自治区国有资产监督管理委员会,state
000586,徐明君,private
000589,贵阳市人民政府国有资产监督管理委员会,state
000590,教育部,private
000591,重庆市涪陵区国有资产监督管理委员会,state
000592,"刘平山,钟立明",private
000593,李占通,private
000595,中华人民共和国财政部,private
000596,安徽省亳州市人民政府,state
000597,沈阳市人民政府国有资产监督管理委员会,state
000598,成都市国有资产监督管理委员会,state
000599,青岛市国有资产监督管理委员会,state
000600,河北省政府国有资产监督管理委员会,state
000601,韶关市人民政府国有资产监督管理委员会,state
000603,赵满堂,private
000605,天津开发区管委会,private
000607,汪力成,private
000608,新加坡政府产业投资有限公司(GIC RE),private
000609,郑宽,private
000610,西安市人民政府,state
000612,国务院国有资产监督管理委员会,state
000615,"朱俊峰,蒋岚",private
000617,中国石油天然气集团公司,private
000619,安徽省国有资产监督管理委员会,state
000620,北京市国有资产监督管理委员会,state
000623,李秀林及一致行动人,private
000625,国务院国有资产监督管理委员会,state
000626,胡凯军,private
000628,成都高新技术产业开发区管理委员会,private
000629,鞍钢集团公司,private
000630,安徽省国有资产监督管理委员会,state
000631,鲁冠球,private
000632,"福州开发区国有资产营运有限公司,福州经济技术开发区经济发展总公司",state
000633,秦安昌,private
000635,国务院国有资产监督管理委员会,state
000636,广东省人民政府国有资产监督管理委员会,state
000637,刘军,private
000639,王勇,private
000650,杨文龙,private
000651,珠海市国有资产监督管理委员会,state
000652,天津市人民政府,state
000655,山东省人民政府国有资产监督管理委员会,state
000656,"黄红云,陶虹遐",private
000657,中国五矿集团公司,private
000659,CVC Capital Partners Group,private
000661,长春市人民政府,state
000663,永安市国有资产管理委员会,state
000665,武汉经济技术开发区国有资产管理办公室,state
000668,"盛毓南,盛小宁",private
000669,李建新,private
000670,陈炎表,private
000672,于洋,private
000676,李向清,private
000677,潍坊市人民政府,state
000678,湖北省国有资产监督管理委员会,state
000679,孙喜双,private
000680,山东省国有资产监督管理委员会,state
000681,姜放,private
000682,烟台市人民政府国有资产监督管理委员会,state
000683,戴连荣,private
000685,中山市人民政府国有资产监督管理委员会,state
000686,,no_controller
000688,刘建民,private
000690,叶华能,private
000691,朱全祖,private
000692,沈阳市国有资产监督管理委员会,state
000695,天津市人民政府,state
000697,咸阳市国有资产监督管理委员会,state
000698,中国国有资产监督管理委员会,state
000700,曹明芳,private
000701,厦门市人民政府国有资产监督管理委员会,state
000702,湖南省岳阳市屈原管理区,private
000703,郭迎辉,private
000705,绍兴市人民政府国有资产监督管理委员会,state
000707,湖北省宜昌市人民政府国有资产监督管理委员会,state
000708,中国中信集团公司,private
000709,河北省国有资产监督管理委员会,state
000710,国务院国有资产监督管理委员会,state
000711,张国明,private
000712,杨志茂,private
000713,合肥市国有资产监督管理委员会,state
000715,沈阳市国有资产监督管理委员会,state
000716,"李汉荣,李汉朝,李玉坚",private
000717,广东省国有资产监督管理委员会,state
000718,张桂平,private
000719,河南省人民政府,state
000720,国务院国有资产监督管理委员会,state
000721,西安市人民政府国有资产监督管理委员会,state
000722,湖南省人民政府,state
000723,"姚俊良,姚俊花,姚巨货,姚四俊,姚俊杰,姚俊卿,姚三俊",private
000725,北京市人民政府国有资产监督管理委员会,state
000726,刘石祯,private
000727,国务院国有资产监督管理委员会,state
000728,安徽省国有资产监督管理委员会,state
000729,北京市人民政府,state
000731,国务院国有资产监督管理委员会,state
000733,国务院国有资产监督管理委员会,state
000735,徐自力,private
000736,国务院国有资产监督管理委员会,state
000737,中国盐业总公司,private
000738,国务院国有资产监督管理委员会,state
000739,横店集团企业劳动群众集体,private
000750,桂林市国有资产监督管理委员会,state
000751,国务院国有资产监督管理委员会,state
000752,范志明,private
000753,漳州市人民政府国有资产监督管理委员会,state
000755,山西省国有资产监督管理委员会,state
000756,山东省国有资产监督管理委员会,state
000757,金洪华,private
000758,国务院国有资产监督管理委员会,state
000759,武汉市国有资产监督管理委员会,state
000761,辽宁省国有资产监督管理委员会,state
000762,西藏自治区国有资产监督委员会,state
000766,通化市二道江区人民政府财政局,state
000767,国务院国有资产监督管理委员会,state
000768,中国航空工业集团公司,state
000776,,no_controller
000777,国务院国有资产监督管理委员会,state
000778,国务院国有资产监督管理委员会,state
000779,甘肃省政府国有资产监督管理委员会,state
000782,"梁广义,梁伟东,梁少勋",private
000783,,no_controller
000785,武汉市国有资产监督管理委员会,state
000786,国务院国有资产监督管理委员会,state
000788,北京大学,private
000789,江西省国有资产监督管理委员会,state
000790,李小敏,private
000791,甘肃省国有资产监督管理委员会,state
000792,青海省国有资产投资管理有限公司,state
000793,财政部,private
000795,横店社团经济企业联合会,private
000796,海南航空股份有限公司工会委员会,private
000797,福建省国有资产管理委员会,state
000798,国务院国有资产监督管理委员会,state
000799,国务院国有资产监督管理委员会,state
000800,国务院国有资产监督管理委员会,state
000801,绵阳市国有资产管理委员会,state
000802,冯村经济合作社,private
000803,胡先成,private
000807,云南省国有资产监督管理委员会,state
000809,"刘武,封玮,黎雪松,张素君,黄永和,杨帆,粟世金",private
000810,国务院国有资产监督管理委员会,state
000811,烟台市人民政府国有资产监督管理委员会,state
000812,袁汉源,private
000813,新疆维吾尔自治区国有资产监督管理委员会,state
000815,国务院国有资产监督管理委员会,state
000816,罗韶宇,private
000818,葫芦岛市国有资产监督管理委员会,state
000819,国务院国有资产监督管理委员会,state
000820,张丙坤,private
000821,孙友元,private
000822,国务院国有资产管理委员会,state
000823,汕头市国有资产监督管理委员会,state
000825,山西省国有资产监督管理委员会,state
000826,文一波,private
000828,东莞市国有资产监督管理委员会,state
000829,,no_controller
000830,聊城市人民政府国有资产监督管理委员会,state
000831,国务院国有资产监督管理委员会,state
000833,华强集团81名骨干员工,private
000837,,no_controller
000838,"张家港众合融通科技发展有限公司,成都金森投资管理有限责任公司,国投资产管理公司,上海通维投资有限公司,张家港市金城投资发展有限公司,北京国华置业有限公司,张家港骏马涤纶制品有限公司,北京电力实业开发总公司,北京首创资产管理有限公司",private
000839,财政部,private
000848,鲁冠球,private
000850,安徽省安庆市经济和信息化委员会,private
000852,国务院国有资产监督管理委员会,state
000856,唐山市人民政府国有资产监督管理委员会,state
000858,宜宾市国有资产经营有限公司,state
000859,合肥市人民政府国有资产监督管理委员会,state
000860,北京市顺义区国有资产监督管理委员会,state
000862,宁夏回族自治区国有资产监督管理委员会,state
000863,郭英,private
000868,安徽省人民政府国有资产监督管理委员会,state
000869,"烟台裕华投资发展有限公司,意大利意利瓦萨隆诺投资公司,烟台市国有资产监督管理委员会,国际金融公司",state
000875,国务院国有资产监督管理委员会,state
000876,刘永好,private
000877,国务院国有资产监督管理委员会,state
000878,国务院国有资产监督管理委员会,state
000880,山东省国有资产监督管理委员会,state
000881,大连市人民政府国有资产监督管理委员会,state
000882,国务院国有资产监督管理委员会,state
000883,湖北省人民政府国有资产监督管理委员会,state
000885,河南省发展和改革委员会,private
000886,海南省政府国有资产监督管理委员会,state
000887,夏鼎湖,private
000888,峨眉山-乐山大佛风景名胜区管理委员会,private
000889,黄茂如,private
000890,"周江,张炜,周津如,邓峰,缪勤,姚冬敏,张薇,徐波",private
000892,杜惠恺,private
000893,赖宁昌,private
000895,Rise Grand Group Limited,private
000897,天津市人民政府,state
000898,国务院国有资产监督管理委员会,state
000899,江西省国有资产监督管理委员会,state
000900,湖南省交通运输厅,private
000901,国务院国有资产监督管理委员会,state
000902,国务院国有资产监督管理委员会,state
000903,昆明市国有资产管理委员会,state
000905,厦门市国有资产监督管理委员会,state
000906,浙江省国有资产监督管理委员会,state
000908,中国长城资产管理公司,private
000909,杭州市人民政府,state
000910,陈兴康,private
000911,南宁市国有资产监督管理委员会,state
000912,四川省政府国有资产监督管理委员会,state
000913,温岭市财政局,state
000915,山东大学,private
000917,湖南广播电视台,private
000919,南京市国有资产监督管理委员会,state
000920,国务院国有资产监督管理委员会,state
000921,青岛市人民政府国有资产监督管理委员会,state
000922,国务院国有资产监督管理委员会,state
000923,河北省国有资产监督管理委员会,state
000925,浙江浙大圆正控股集团有限公司,private
000926,湖北省汉川市钢丝绳厂,private
000927,国务院国有资产监督管理委员会,state
000928,国务院国有资产监督管理委员会,state
000929,杨世江,private
000930,国务院国有资产监督管理委员会,state
000931,黄光裕,private
000932,湖南省国有资产监督管理委员会,state
000933,商丘市人民政府国有资产监督管理委员会,state
000935,拉法基瑞安水泥有限公司,private
000936,江阴市华西新市村村民委员会,private
000937,河北省人民政府国有资产监督管理委员会,state
000938,教育部,private
000948,云南省人民政府国有资产监督管理委员会,state
000949,河南省新乡市国有资产监督管理委员会,state
000950,重庆市国有资产监督管理委员会,state
000951,山东省政府,private
000952,武穴市财政局,state
000953,国务院国有资产监督管理委员会,state
000955,饶勇,private
000957,山东省人民政府国有资产监督管理委员会,state
000958,石家庄市国有资产监督管理委员会,state
000959,北京市国有资产监督管理委员会,state
000960,云南省国有资产监督管理委员会,state
000962,中国有色矿业集团有限公司,state
000963,胡凯军,private
000965,天津港保税区国有资产管理局,state
000966,国务院国有资产监督管理委员会,state
000967,何剑锋,private
000968,国务院国有资产监督管理委员会,state
000969,国务院国有资产监督管理委员会,state
000970,中国科学院,private
000972,新疆生产建设兵团国有资产监督管理委员会,state
000973,广东省人民政府,state
000975,沈国军,private
000977,山东省国资委,state
000978,桂林市人民政府,state
000980,"应建仁,徐美儿",private
000981,甘肃省人民政府国有资产监督管理委员会,state
000983,山西省国有资产监督管理委员会,state
000985,中国石油天然气集团公司,private
000987,广州市人民政府国有资产监督管理委员会,state
000988,教育部,private
000989,陈金霞,private
000990,中华人民共和国财政部,private
000993,宁德市国有资产监督管理委员会,state
000995,张力鑫,private
000997,胡钢,private
000998,伍跃时,private
000999,国务院国有资产监督管理委员会,state
001201,袁建康,private
001202,雷琦,private
001203,"林来嵘,安素梅",private
001205,李桃元,private
001206,"高福忠,高健",private
001207,"吴晓林,吴晓强",private
001208,湖南省人民政府国有资产监督管理委员会,state
001209,"郭梧文,郭秋洪,周德茂,柯国民,郭静璇,郭璇风,郭静君,郭少君",private
001210,杨建勋,private
001211,"郑承烈,叶丽榕",private
001212,周军,private
001213,中国国家铁路集团有限公司,private
001215,李伟,private
001216,"许君奇,傅军",private
001217,吴李杰,private
001218,"贾齐正,孙建雄,侯炳阳,刘国彪,叶继勇,郑钢",private
001219,青岛市人民政府国有资产监督管理委员会,state
001220,张经纬,private
001221,"欧锦锋,欧锦丽",private
001222,"庄明允,朱晓荣,庄明超",private
001223,"胡坚晟,胡甫晟,李燕梅",private
001225,徐青,private
001226,徐杨顺,private
001227,,no_controller
001228,"陈永夫,金萍",private
001229,方华,private
001230,"于晓霞,于晓娟,于洪波",private
001231,郑敬敏,private
001232,"袁江涛,丁会,丁会响",private
001233,朱晖,private
001234,"杨敏,陆彪",private
001236,江苏省人民政府国有资产监督管理委员会,state
001237,陈越鹏,private
001238,陈永辉,private
001239,沈培良,private
001248,国务院国有资产监督管理委员会,state
001255,"凌莉,陆云峰",private
001256,"周炳松,李玉荷",private
001257,洛阳市人民政府国有资产监督管理委员会,state
001258,新疆维吾尔自治区人民政府国有资产监督管理委员会,state
001259,"宋老亮,齐连英",private
001260,张明,private
001266,"张化宏,曾红英,曾晖",private
001267,刘毅,private
001268,"何俊桦,何桂景,何泳欣,何明珊",private
001269,,no_controller
001270,刘建伟,private
001277,"李锡元,贾建国,李优生",private
001278,王建华,private
001279,"郭良春,王玉兰,郭俊成,郭俊毅",private
001280,国务院国有资产监督管理委员会,state
001282,"孙国奉,张一衡,孙国敏,孙仁豪",private
001283,潘党育,private
001285,"张晓平,池淑萍,张佳睿",private
001286,陕西投资集团有限公司,private
001287,国务院国有资产监督管理委员会,state
001288,"吴友华,曾玉仙",private
001289,国务院国有资产监督管理委员会,state
001296,"熊鹰,熊杰",private
001298,"王玉成,范理南",private
001299,"晏立群,李全平",private
001300,朱希龙,private
001301,欧阳永跃,private
001306,"夏爱娟,夏挺,夏建敏",private
001308,"凌斌,王曦",private
001309,"田华,李虎",private
001311,曹达龙,private
001312,"王内利,王学林,王恩伟",private
001313,"郑石轩,徐雪梅",private
001314,"石庆,张治宇,钟景维",private
001316,"刘俊锋,张奇志,刘宇仑",private
001317,邱红阳,private
001318,胡霄云,private
001319,夏录荣,private
001322,"谢岳荣,霍秋洁,谢炜,谢安琪",private
001323,"王炳坤,林集永",private
001324,"周建新,周银妹,胡锦骊",private
001325,王文杰,private
001326,徐建勇,private
001328,重庆市国有资产监督管理委员会,state
001330,于冬,private
001331,"魏吉胜,魏红越,张伟",private
001332,曹洪海,private
001333,"孙杰风,孙培松",private
001335,"李治,李武",private
001336,"陈步东,吴意波",private
001337,四川省地质矿产勘查开发局,private
001338,广东省人民政府国有资产监督管理委员会,state
001339,"袁微微,郭旭辉",private
001356,"江桂兰,胡乾",private
001358,叶汀,private
001359,"潘渡江,潘协保,潘美芳,李鲸波,潘云芳,陈珊珊",private
001360,李顺山,private
001365,广州市人民政府国有资产监督管理委员会,state
001366,邹新华,private
001367,"王式跃,王雨潇,郭海燕",private
001368,"王亚南,王亚扬,王亚榆,王亚华",private
001369,乔玉华,private
001373,张伟,private
001376,张春龙,private
001378,"谢嘉辉,罗维满,张锦棉",private
001379,陈佩君,private
001380,金雷,private
001382,"陈家锦,陈志辉,陈伟杰,陈强",private
001386,黄建平,private
001387,顾维,private
001388,李全用,private
001389,"肖红星,刘锦婵",private
001390,谢玉成,private
001391,国务院国有资产监督管理委员会,state
001393,黄浩云,private
001395,郭西强,private
001396,"李佳川,朱军",private
001399,王智勇,private
001400,张理罡,private
001696,左宗申,private
001872,国务院国有资产监督管理委员会,state
001896,河南省发展和改革委员会,private
001914,国务院国有资产监督管理委员会,state
001965,国务院国有资产监督管理委员会,state
001979,国务院国有资产监督管理委员会,state
002001,"胡柏藩,胡柏剡",private
002003,"章卡鹏,张三云",private
002004,张松山,private
002005,王冬雷,private
002006,金良顺,private
002007,安康,private
002008,高云峰,private
002009,黄伟兴,private
002010,"徐冠巨,徐观宝,徐传化",private
002011,姚新义,private
002012,王白浪,private
002014,黄山市供销合作联社,private
002015,陈建忠,private
002016,梁社增,private
002017,中国普天信息产业集团公司,private
002019,过鑫富,private
002020,吕钢,private
002021,蔡开坚,private
002022,"徐显德,唐伟国,沙立武",private
002023,李再春,private
002024,张近东,private
002025,中国航天科工集团公司,state
002026,杨桂模,private
002027,易贤忠,private
002028,董增平,private
002029,"周永伟,周少雄,周少明,陈鹏玲",private
002030,中山大学,private
002031,吴潮忠,private
002032,SEB S.A.,private
002033,丽江玉龙雪山省级旅游开发区管理委员会,private
002034,单建明,private
002035,"黄文枝,邓新华,潘权枝,黄启均,李家康,关锡源,杨建辉",private
002036,李如成,private
002037,贵州省人民政府国有资产监督管理委员会,state
002038,河南省新乡市国有资产监督管理委员会,state
002039,中国华电集团公司,private
002040,南京市国有资产监督管理委员会,state
002041,李登海,private
002042,"孙伟挺,陈玲芬",private
002043,丁鸿敏,private
002044,张璞,private
002045,周海昌,private
002046,国务院国有资产监督管理委员会,state
002047,欧阳明及其一致行动人,private
002048,周晓峰,private
002049,教育部,private
002050,张道才,private
002051,国务院国有资产监督管理委员会,state
002052,袁明,private
002053,云天化集团有限责任公司,private
002054,黄冠雄,private
002055,"邱建民,邱为民",private
002056,横店社团经济企业联合会,private
002057,国务院国有资产监督管理委员会,state
002058,沈雯,private
002059,云南省人民政府国有资产监督管理委员会,state
002060,广东省人民政府国有资产监督管理委员会,state
002061,浙江省铁路投资集团有限公司,private
002062,郑宏舫,private
002063,陈利浩,private
002064,尤小平,private
002065,"薛向东,郭玉梅(妻),薛荣文(父),邵会兰(母),薛坤(儿),陈竹桂(岳母),薛向辉(弟),郭玉杰(妻弟),邵会深(舅)",private
002066,国务院国有资产监督管理委员会,state
002067,朱在龙,private
002068,景德镇市国有资产监督管理委员会,state
002069,长海县獐子岛投资发展中心,private
002072,德州市国有资产管理办公室,state
002073,袁仲雪,private
002074,孙益源,private
002075,沈文荣,private
002076,柴国生,private
002077,镇江市人民政府国有资产监督管理委员会,state
002078,李洪信,private
002079,吴念博,private
002080,国务院国有资产监督管理委员会,state
002081,朱兴良,private
002082,陆志宝,private
002083,孙日贵,private
002084,"戎启平及其家人,唐台英及其家人,叶煊,李培基,林峰",private
002085,"陈爱莲,吴良定,吴捷",private
002086,车轼,private
002088,沂源县南麻镇集体资产经营管理中心,private
002090,"葛宁,徐兵,叶留金,冯伟江,朱华明,郭伟,陈钢,贺安鹰,丁小异",private
002091,江苏国泰国际集团有限公司,private
002092,新疆维吾尔自治区人民政府国有资产监督管理委员会,state
002093,"陈国鹰,林惠榕,林金全",private
002094,陈索斌,private
002095,孙德良,private
002096,湖南省人民政府国有资产监督管理委员会,state
002097,何清华,private
002098,"施能坑,施能建,施明取,施加谋,郑景秋,施能辉",private
002099,罗煜竑,private
002100,新疆生产建设兵团国有资产经营公司,state
002101,高要市国有资产经营有限公司,state
002102,"林福椿,林文智,林文昌,林文洪",private
002103,王利平,private
002104,钱云宝,private
002105,廖学金,private
002106,国务院国有资产监督管理委员会,state
002107,赵丙贤,private
002108,于桂亭,private
002109,陕西延长石油(集团)有限责任公司,private
002110,福建省人民政府国有资产监督管理委员会,state
002111,李光太,private
002112,浙江省三门县人民政府,state
002114,罗平县财政局,state
002115,李越伦,private
002116,国务院国有资产监督管理委员会,state
002117,谷望江,private
002119,"郑康定,曹瑞花",private
002120,黄新华,private
002121,饶陆华,private
002122,马兴法父子,private
002123,"厉伟,左强,崔京涛",private
002124,"张邦辉,吴天星",private
002125,湘潭市国有资产监督管理委员会,state
002126,徐小敏,private
002127,柳维特,private
002128,中国电力投资集团公司,private
002129,天津市人民政府国有资产监督管理委员会,state
002130,周和平,private
002131,王相荣,private
002132,谢保军,private
002133,王鹤鸣,private
002134,天津市国有资产监督管理委员会,state
002135,郭明明,private
002136,铜陵市国有资产监督管理委员会,state
002137,"陈亚妹,乔昕",private
002138,倪秉达,private
002139,武永强,private
002140,中国化学工程集团公司,private
002141,诸建中,private
002142,,no_controller
002144,沈国甫,private
002145,中国信达资产管理股份有限公司,private
002146,耿建明,private
002148,傅乐民,private
002149,陕西省财政厅,private
002150,顾雄斌,private
002151,周儒欣,private
002152,广州市国有资产监督管理委员会,state
002153,李仲初,private
002154,,no_controller
002155,湖南省人民政府国有资产监督管理委员会,state
002156,石明达,private
002157,林印孙,private
002158,廖哲男,private
002159,武汉市国有资产管理委员会,state
002160,张平,private
002161,"徐玉锁,陈光珠",private
002162,李慈雄,private
002163,国务院国有资产监督管理委员会,state
002164,"宋济隆,许丽萍",private
002165,芮敬功,private
002166,秦本军,private
002167,陈潮钿,private
002168,"吕晓义,何平,匡晓明,任金生",private
002169,郑晓军,private
002170,黄培钊,private
002171,姜纯,private
002172,沈学如,private
002173,陈夏英,private
002174,王安邦,private
002175,彭朋,private
002176,"朱军,卢顺民",private
002177,杨文江,private
002178,胡黎明,private
002179,中国航空工业集团公司,state
002180,庞江华,private
002181,广州日报社,private
002182,梅小明,private
002183,周国辉,private
002184,"许泓,郭孟榕",private
002185,肖胜利等16名自然人,private
002186,北京市国有资产监督管理委员会,state
002187,广州市人民政府国有资产监督管理委员会,state
002188,丁仁涛,private
002189,国务院国有资产监督管理委员会,state
002190,中国航空工业集团公司,state
002191,乔鲁予,private
002192,柯荣卿,private
002193,中国东方资产管理公司,private
002194,"王丽丽,孟庆南",private
002195,包叔平,private
002196,张敏,private
002197,"曾胜强,许忠桂",private
002198,黄小彪,private
002199,李庆跃,private
002200,何学葵,private
002201,顾清波,private
002202,,no_controller
002203,冯海良,private
002204,大连市人民政府国有资产监督管理委员会,state
002205,中国中材集团有限公司,private
002206,高利民,private
002207,秦勇,private
002208,合肥市国有资产控股有限公司,state
002209,张颂明,private
002210,黄壮勉,private
002211,朱德洪,private
002212,郑钟南,private
002213,"凌兆蔚,张慧民",private
002214,庞惠民,private
002215,"卢柏强,卢翠冬,卢翠珠,卢丽红,卢叙安",private
002216,"陈泽民,贾岭达,陈希,陈南",private
002217,王宜明,private
002218,"李粉莉,陈琛,陈五奎",private
002219,阙文彬,private
002221,"周一峰,周汉平",private
002222,中国科学院,private
002223,吴光明,private
002224,"吴培生,吴琼瑛",private
002225,刘百宽家族,private
002226,熊立武,private
002227,廖晓霞,private
002228,"许晓光,许晓荣,许天津,吕秀英",private
002229,"尤玉仙,尤丽娟,尤友岳,尤友鸾,尤雪仙,苏凤娇,章棉桃",private
002230,刘庆峰等14位自然人股东,private
002232,国务院国有资产监督管理委员会,state
002233,"钟烈华,张能勇,徐永寿",private
002234,孙希民,private
002235,"林旭曦,张杰",private
002236,"傅利泉,陈爱玲",private
002237,王信恩,private
002238,深圳广播电影电视集团,private
002239,王进飞,private
002240,"李建华,刘宪",private
002241,"姜滨,胡双美",private
002242,"王旭宁,朱宏韬,黄淑玲,朱泽春",private
002243,深圳市国有资产监督管理局,state
002244,戚金兴,private
002245,沈学如,private
002246,中国兵器工业集团公司,state
002247,姜飞雄,private
002248,"汤世贤,高鹤鸣,李壮,刘传金",private
002249,"鲁楚平,彭惠",private
002250,牟金香,private
002251,王填,private
002252,"黄凯,郑跃文",private
002253,游志胜,private
002254,烟台市人民政府国有资产监督管理委员会,state
002255,徐元生,private
002256,"陈永弟,沈少玲",private
002258,中国工程物理研究院,private
002259,江昌政,private
002261,李新宇,private
002262,"孙彭生,祁超,付卿,杨自亮,陈增良",private
002263,"黄水寿,黄飞刚",private
002264,陈发树,private
002265,国务院国有资产监督管理委员会,state
002266,孙毅,private
002267,陕西省国有资产监督管理委员会,state
002268,中国电子科技集团公司,state
002269,周成建,private
002270,"刘毅,李胜军,管彤,郭伯春",private
002271,李卫国,private
002272,"罗丽华,钟利钢",private
002273,叶仙玉,private
002274,,no_controller
002275,邹节明家族,private
002276,张德生,private
002277,胡子敬,private
002278,"顾正,李芳英,袁建新,王祥伟",private
002279,"董泰湘,赵福君",private
002281,国务院国有资产监督管理委员会,state
002282,"陈怀荣,吕桂芹,任京建,程辉,张淑玉",private
002283,邢运波,private
002284,"黄来兴,黄伟中,黄伟潮",private
002285,"佟捷,陈劲松",private
002286,刘宗利,private
002287,雷菊芳,private
002289,魏连速,private
002290,赵东明,private
002291,"张泽民,梁怀宇",private
002292,蔡东青,private
002293,薛伟成,private
002294,"叶宇筠,Kevin Sing Ye,叶澄海,廖清清,陈志明",private
002295,"周艳贞,冯境铭",private
002296,,no_controller
002297,中南大学,private
002298,束龙胜,private
002299,"傅光明,傅芬芳,傅长玉",private
002300,"李云孝,刘秀萍,李文亮",private
002301,陈钦鹏,private
002302,国务院国有资产监督管理委员会,state
002303,王海鹏,private
002304,宿迁市国有资产监督管理委员会,state
002305,许晓明,private
002306,孟凯,private
002307,新疆生产建设兵团建工师国资委,state
002309,王柏兴,private
002310,"何巧女,唐凯",private
002311,薛华,private
002312,补建,private
002313,王文生,private
002314,中国南山开发(集团)股份有限公司,private
002315,沈锦华,private
002316,"Brenda Yap(叶冰),David Xun Ge(葛迅),叶琼",private
002317,张绍日,private
002318,周志江,private
002319,"张彬贤,刘秋华",private
002320,海口市国有资产监督管理委员会,state
002321,潢川县财政局,state
002322,"余艇,周方洁,刘笑梅",private
002323,季奎余,private
002324,周文,private
002326,"王莺妹,何人宝",private
002327,"林国芳,陈国红",private
002328,宋伯康家族,private
002329,黄嘉棣,private
002330,郑和平,private
002331,"王中胜,杨世宁,杨新子",private
002332,仙居县财政局,state
002333,吴明福,private
002334,黄申力,private
002335,"陈成辉,陈建平",private
002337,张建浩,private
002338,中国科学院长春光学精密机械与物理研究所,private
002339,,no_controller
002340,"王敏,许开华",private
002342,"杨建忠,杨建国,杨会德,杨子",private
002343,,no_controller
002344,海宁市财政局,state
002345,廖木枝,private
002346,"陆仁军,蒋陆峰",private
002347,邰正彪,private
002348,"杨镇欣,杨广城,杨旭恩,杨镇凯,杨镇裕,杨楚丽,杨康华",private
002349,南通市国有资产监督管理委员会,state
002350,张新育,private
002351,张文东,private
002352,刘冀鲁,private
002353,"孙伟杰,王坤晓,刘贞峰",private
002354,魏平,private
002355,王嘉民,private
002356,"柯良节,王荣安",private
002357,安治富,private
002358,楚金甫,private
002360,张云升,private
002361,刘志坚,private
002362,"刘迎建,徐冬青",private
002363,"张乔敏,张海燕,张超",private
002364,朱国锭,private
002365,陈勇,private
002366,罗志中,private
002367,王友林,private
002368,国务院国有资产监督管理委员会,state
002369,"田昱,夏传武",private
002370,陈尧根,private
002371,北京电子控股有限责任公司,private
002372,"章卡鹏,张三云",private
002373,陈俭,private
002374,"孙世尧,于志芬,霍文菊,孙红丽,孙鲲鹏",private
002375,"丁欣欣,张杏娟",private
002376,威海市人民政府国有资产监督管理委员会,state
002377,高庆寿,private
002378,黄泽兰,private
002379,于荣强,private
002380,"刘国耀,胡歙眉,刘建耀,胡梓章",private
002381,沈耿亮,private
002382,李振平,private
002383,"郭信平,李亚楠",private
002384,"袁永刚,袁永峰,袁富根",private
002385,邵根伙,private
002386,宜宾市政府国有资产监督管理委员会,state
002387,林秀浩,private
002388,"许伟明,徐琦",private
002389,邵雨田,private
002390,张观福,private
002391,于国权,private
002392,赵继增,private
002393,天津市国有资产监督管理委员会,state
002394,"孔祥军,崔恒富,陈警娇,黄长根",private
002395,唐炳泉,private
002396,福建省人民政府国有资产监督管理委员会,state
002397,姜天武,private
002398,"蔡永太,李晓斌,黄明辉,麻秀星,林千宇,林燕妮,叶斌,郭元强",private
002399,"李锂,李坦",private
002400,广东省国有资产监督管理委员会,state
002401,国务院国有资产监督管理委员会,state
002402,刘建伟,private
002403,"陈合林,陈文君,陈灵巧,林菊香",private
002404,周国建,private
002405,国务院国有资产监督管理委员会,state
002406,"刘延生,史彩霞",private
002407,李世江,private
002408,车成聚,private
002409,"沈琦,沈馥,沈锡强,骆颖,窦靖芳",private
002410,刁志中,private
002412,刘令安,private
002413,黄小平,private
002414,黄立,private
002415,国务院国有资产监督管理委员会,state
002416,黄绍武,private
002418,陈汉康,private
002419,国务院国有资产监督管理委员会,state
002420,"冼燃,凤翔,李学银,戴耀花",private
002421,刘磅,private
002422,刘革新,private
002423,国务院国有资产监督管理委员会,state
002424,姜伟,private
002425,"陈玉琴,郑合明",private
002426,高玉根,private
002427,茅惠新,private
002428,"包文东,吴开惠",private
002429,顾伟,private
002430,杭州市国有资产监督管理委员会,state
002431,"吴桂昌,吴汉昌,吴建昌",private
002432,刘毅,private
002434,"黄河清,吴月华",private
002436,邱醒亚,private
002437,"朱吉满,白莉惠",private
002438,吴建新,private
002439,"王佳,严立",private
002440,"阮加根,阮加春,阮静波,张爱娟,张云达,阮吉祥",private
002441,吴开贤,private
002442,刘江山,private
002443,"俞锦方,徐水荣,沈淦荣,周新华",private
002444,"仇建平,王玲玲",private
002445,陈少忠,private
002446,杨华,private
002448,薛德龙,private
002449,"王垚浩,蔡炬怡,余彬海",private
002451,问泽鸿,private
002452,马孝武,private
002453,徐仁华,private
002454,陈福成,private
002455,"郑铁江,王亚娟",private
002456,蔡荣军,private
002457,陈家兴,private
002458,曹积生,private
002459,"胡志军,朱新生",private
002460,李良彬家族,private
002461,广州市人民政府国有资产监督管理委员会,state
002462,共青团中央,private
002463,吴礼淦家族,private
002465,广州市国资委,state
002466,蒋卫平,private
002467,李小龙,private
002468,李家德,private
002469,曲思秋,private
002470,万连步,private
002471,杨飞,private
002472,"叶善群,吴长鸿,陈菊花,陈剑峰,蒋亦卿",private
002474,鲁峰,private
002475,"王来胜,王来春",private
002476,"夏春良,梁立稳,吴时军,杜斌,刘燕,郭宝德,徐志伟,栾庆民,向民,阔伟,刘福林等11名实际控制人",private
002478,曹坚,private
002479,孙庆炎,private
002480,黄志明,private
002481,招远市金岭镇人民政府,state
002482,叶远西,private
002483,"吴建,沙明军,施晓越",private
002484,方铿,private
002485,王桂波,private
002486,黄伟国,private
002487,金鑫,private
002488,"孙金国,孙利群",private
002489,"谢建勇,谢建强,谢建平,谢先兴",private
002490,张恩荣,private
002491,沈小平,private
002492,王青运,private
002493,李水荣,private
002494,贺国英,private
002495,"林平涛,林长浩,林长青,林长春,许巧婵",private
002496,仲汉根,private
002497,郑戎,private
002498,张思夏,private
002500,山西省财政厅,private
002501,"王民,张永侠",private
002506,倪开禄,private
002507,重庆市涪陵区国有资产监督管理委员会,state
002508,任建华,private
002510,"胡津生,常世平,董书新,赵文杰,尹宝茹,任伟,张义生,鲍建新,王子玲",private
002511,"邓颖忠,邓冠彪,邓冠杰",private
002512,蔡小如,private
002513,杨振华,private
002514,,no_controller
002515,施延军,private
002516,沈介良,private
002517,"王燕娥,林祥伟",private
002518,"刘程宇,刘玲",private
002519,庞绍熙等14个实际控制人,private
002520,吴捷先生和吴良定先生家族,private
002521,李学峰,private
002522,陈大魁,private
002523,株洲市人民政府国有资产监督管理委员会,state
002524,周永麟,private
002526,赵笃学,private
002527,"纪德法,刘丽萍,纪翌",private
002528,刘肇怀,private
002529,"李良光,李建峰,李祥凌",private
002530,朱文明,private
002531,严俊旭,private
002532,"许敏田,杨佩华",private
002533,"吴学愚,孙文利",private
002534,"王水福,谢水琴,陈夏鑫",private
002535,"郭现生,韩录云",private
002536,"孙耀志,孙耀忠",private
002537,"刘国平,孙刚",private
002538,金国清,private
002539,宋睿,private
002540,"周福海,周吉,于丽芬",private
002541,"商晓波,邓烨芳",private
002542,吴延炜,private
002543,"卢础其,卢楚隆,卢楚鹏",private
002544,中国电子科技集团公司,state
002545,韩汇如,private
002546,胡敏,private
002547,孙洁晓,private
002548,"陈俊海,王军,关明阳,郭立新,王坚能,刘超,杨华林",private
002549,祝恩福,private
002550,王耀方,private
002551,梁桂秋,private
002552,"朱丽霞,朱宝松",private
002553,"史建伟,史娟华,史维",private
002554,"黄松,白明垠,潘峰,肖荣",private
002555,"吴绪顺,吴卫红,吴卫东",private
002556,安徽省供销合作社联合社,private
002557,陈先保,private
002558,"彭建虎,彭俊珩",private
002559,"吉素琴,冷志斌,闻庆云,王宏祥,周家智,杨林,施金霞,王守元,王峻",private
002560,"史万福,马红菊",private
002561,上海徐家汇商城(集团)有限公司,private
002562,"钱志达,钱志明",private
002563,"邱光和,邱坚强,邱艳芳,周平凡,戴智约",private
002564,陈玉忠,private
002565,"王丹,张少怀",private
002566,张益胜,private
002567,陶一山,private
002568,刘晓东,private
002569,"王建霞,陈建飞,陈建国,陈能恩,王建军,陈智君,陈智宇,王建丽,寿彩凤,寿鹤蕾,寿能丰,吴永杰",private
002570,谢宏,private
002571,施卫东,private
002572,"柯建生,江淦钧",private
002573,张开元,private
002574,"虞兔良,虞阿五",private
002575,"林伟章,黄仕群",private
002576,姜煜峰,private
002577,曾浩,private
002578,黄天火,private
002579,"刘毕华,杨林",private
002580,"宋斌,高运奎,景勇,李恕华,隋延波,翟凤英,孔德龙,杨玉清,王平,于海龙,宫国伟",private
002581,"高庆昌,高宝林",private
002582,石聚彬,private
002583,陈清州,private
002584,"黄少群,黄伟鹏,黄伟波,黄侦杰,黄侦凯",private
002585,吴培服,private
002586,"冯全宏,张子和,罗全民,邱春方,王掌权",private
002587,吴涵渠,private
002588,"高文班,高进华,高文安,高文靠,高英,古龙粉,高文秋,高文都",private
002589,"张仁华,韩旭",private
002590,"陈利祥,陈锋,俞迪辉,陈黎慕,陈永汉,陈黎明",private
002591,"朱星河,胡恩雪,胡长清,朱光宇,胡恩莉,朱倍坚",private
002592,顾瑜,private
002593,"吴子文,吴丽珠",private
002594,王传福,private
002595,张恭运,private
002596,"张海林,冯活灵,张艺林",private
002597,杨迎春,private
002598,章丘市公有资产管理委员会,private
002599,栗延秋,private
002600,汪南东,private
002601,"许刚,谭瑞清,杜新长",private
002602,"王苗通,王一锋",private
002603,"吴以岭,吴相君,吴瑞",private
002605,"姚文琛,姚朔斌,姚硕榆,姚晓丽,邱金兰",private
002606,刘桂雪,private
002607,周夏耘,private
002608,江苏省国有资产监督管理委员会,state
002609,"唐健,刘翠英",private
002611,"唐灼林,唐灼棉",private
002612,"申东日,申今花",private
002613,高学明,private
002614,"邹剑寒,李五令",private
002615,吕强,private
002616,"何启强,麦正辉",private
002617,"鲁小均,李伯英,鲁永",private
002620,李介平,private
002622,吕永祥,private
002623,"林金锡,林金汉",private
002624,"陈连庆,陈根财,姚锦海",private
002625,"俞龙生,郑玉英",private
002626,江斌,private
002627,宜昌市人民政府国有资产监督管理委员会,state
002628,郑渝力,private
002629,钱忠良等24名一致行动人,private
002630,黎仁超,private
002631,汝继勇,private
002632,"胡智雄,胡智彪",private
002633,"何全波,何建东",private
002634,陶建伟,private
002635,"吕莉,王春生",private
002636,韩涛,private
002637,"方银军,洪树鹏,陆伟娟",private
002638,"李旭亮,温琦",private
002639,林汝捷,private
002640,"杨建新,樊梅花",private
002641,"张建均,卢彩芬",private
002642,"王东辉,吴敏",private
002643,中国节能环保集团公司,private
002644,兰州市国有资产监督管理委员会,state
002645,"胡士勇,胡士清,胡士法,胡士勤",private
002646,李银会,private
002647,"戚建萍,戚建华,戚建生,金敏燕,金磊",private
002648,"杨卫东,杨亚珍",private
002649,"王斌,马强,张荣军,龚遥滨",private
002650,"杨振,肖赛平,杨子江",private
002651,何亚民,private
002652,胡卫林,private
002653,"王俊民,范秀莲,郑伟",private
002654,"罗小艳,李志江,李驰",private
002655,"葛相军,赵笃仁,杨进军,董晓民",private
002656,林永飞,private
002657,"朱烨东,沈飒",private
002658,敖小强,private
002659,陈禹,private
002660,顾永德,private
002661,陈克明,private
002662,"李璟瑜,盖特·麦尔,张志瑾,苏珊娜·麦尔",private
002663,涂善忠,private
002664,尹兴满,private
002666,"徐团华,徐庆芳,徐咸大",private
002667,"杨永柱,温萍",private
002668,"蔡拾贰,蔡健泉",private
002669,陆企亭,private
002670,"罗桥胜,冯倩红",private
002671,刘长杰,private
002672,张维仰,private
002673,陕西省人民政府国有资产监督管理委员会,state
002674,吴华春,private
002675,由守谊,private
002676,"黎东成,麦仁钊,何曙华,杨国添",private
002677,"夏志生,夏鼎,夏兰,鲍逸鸿",private
002678,广州市人民政府国有资产监督管理委员会,state
002679,将乐县财政局,state
002681,肖奋,private
002682,龙岩市人民政府国有资产监督管理委员会,state
002683,广东省广业资产经营有限公司,private
002685,"翁耀根,翁杰,孟正华",private
002686,"章启忠,陈金飞",private
002687,"陈良仁,池方燃,陈永霞",private
002688,"王东晓,路牡丹,路漫漫,王志军,王晓英",private
002689,康宝华,private
002690,田明,private
002691,冯春保,private
002692,杨小明,private
002693,"王成栋,王荧璞",private
002694,"林昌华,林昌盛,林超群,林超明,林伟雄,邱丽娟",private
002695,"徐桂芬,褚建庚,褚浚,褚剑",private
002696,"孙忠义,蔡晶",private
002697,曹世如,private
002698,"邓喜军,张玉春,王永洁,王春钢,谭建勋,李振忠",private
002700,周举东,private
002701,周云杰,private
002702,"滕用雄,滕用庄,滕用严,滕用伟,陈月娇",private
002703,"张世权,张宝义,汤浩瀚,张兰君,张世忠",private
002705,郭建刚,private
002706,"任思龙,杨成青,樊剑军,陈平,丁发晖,刘宏光,任思荣,刘晓军,李遇春",private
002707,冯滨,private
002708,"程上楠,张湘文",private
002709,徐金富,private
002712,朱明虬,private
002713,"杨劲,陈辉",private
002714,"秦英林,钱瑛",private
002715,张弢等9位共同控制人,private
002716,曹永贵,private
002717,尹洪卫,private
002718,"时沈祥,骆莲琴",private
002719,"李勇,王翠先,李玉瑚,李刚",private
002721,钟葱,private
002722,陆挺,private
002723,"田畴,蒋小荣",private
002724,"周明杰,徐素",private
002725,"林仙明,林万青,林信福,林申茂,林斌,林平",private
002726,"宫明杰,宫学斌",private
002727,"阮鸿献,刘琼",private
002728,"许丹青,许为高,许松青,许恒青,许丽芳",private
002729,"黄汉侨,黄舒婷,郑倩龄",private
002730,"石向才,石碎标,石志微,石晓贤,石晓霞,朱丹,施隆",private
002731,郭英杰,private
002732,广东省农垦集团公司,private
002733,张华农,private
002734,李明,private
002735,王进军,private
002736,深圳市人民政府国有资产监督管理委员会,state
002737,关彦斌,private
002738,"刘新国,王平卫,吴志华,陈海舟,汪芳淼,魏云峰,欧学钢",private
002739,王健林,private
002741,"郑创发,郑靭,郑侠",private
002742,"潘先文,周廷娥",private
002743,杨俊斌,private
002745,孙清焕,private
002746,"王寿纯,曲立荣",private
002747,吴波,private
002748,,no_controller
002749,颜昌绪,private
002752,"林永贤,林永保,林永龙",private
002753,"刘东良,靳彩红",private
002755,陈会利,private
002756,高兴江,private
002757,"林旺南,詹谏醒",private
002758,绍兴市柯桥区供销合作社联合社,private
002759,"吴锡盾,池锦华",private
002760,"陈宗明,陈晓",private
002761,"陈军,黄娅妮",private
002762,"林浩亮,林若文",private
002763,"吕兴平,林升智",private
002765,"朱堂福,熊敏,朱俊翰",private
002766,肖行亦,private
002767,"石政民,石义民",private
002768,"王爱国,徐波",private
002769,陈书智,private
002771,"王国红,胡小周",private
002772,陶军,private
002773,"柯尊洪,柯潇,钟建荣",private
002774,罗爱文,private
002775,"赵文凤,李从文",private
002777,中国工程物理研究院,private
002778,许汉祥,private
002779,"吴明根,赵爱娱",private
002780,张恒,private
002782,肖铿,private
002783,湖北省荆门市人民政府国有资产监督管理委员会,state
002785,,no_controller
002786,中国东方资产管理公司,private
002787,"李志聪,李炳兴,陆杏珍",private
002788,吴金祥,private
002789,刘海云,private
002790,"邓光荣,张剑波,罗远良,王兵",private
002791,白宝鲲,private
002792,"吴中林,时桂清",private
002793,方秀宝,private
002795,"陈先云,应雪青",private
002796,"韩裕玉,王娟,韩惠明",private
002797,,no_controller
002798,"刘进,吴志雄,陈伟",private
002799,陕西省国有资产监督管理委员会,state
002800,"王普宇,胡晓玲",private
002801,何平,private
002802,项洪伟,private
002803,庄浩,private
002805,赵光辉,private
002806,谭帼英,private
002807,,no_controller
002809,刘连军,private
002810,毕心德,private
002811,"郑忠,邱艾",private
002812,"李晓明,Sherry Lee",private
002813,郭秀梅,private
002815,"姜雪飞,朱雪花",private
002816,"覃有倘,龙小明,邹明",private
002817,"余春明,余超彪",private
002818,刘兵,private
002819,中国科学院,private
002820,天津市河西区人民政府国有资产监督管理委员会,state
002821,Hao Hong,private
002822,"庄重,庄小红,庄展诺",private
002823,"吴瑛,张浩宇",private
002824,李建湘,private
002825,游爱国,private
002826,高帆,private
002827,西藏自治区国有资产监督委员会,state
002828,陈平贵,private
002829,"迟家升,李国盛",private
002830,"蓝继晓,彭旭文,林金成",private
002831,"吴兰兰,王华君",private
002832,"谢秉政,冯玲玲",private
002833,李茂洪,private
002835,"郭立志,刘砥",private
002836,"孟学,张宏清",private
002837,齐勇,private
002838,"于晓宁,韩丽梅",private
002839,,no_controller
002840,"朱俭勇,朱俭军",private
002841,"黄正聪,王毅然,孙永辉,于伟,周开琪,尤天远",private
002842,"陈启丰,陈宏音",private
002843,方鸿,private
002845,"万锋,钟小平,刘秋香,李锋",private
002846,"翁伟武,翁伟炜,翁伟嘉,翁伟博,蔡沛侬,柯丽婉",private
002847,张学武,private
002848,刘潭爱,private
002849,黄文谦,private
002850,"励建立,励建炬",private
002851,童永胜,private
002852,刘建军,private
002853,马礼斌,private
002855,赵晓群,private
002856,李苏华,private
002857,"于文彪,刘俊忠,金双寿",private
002858,夏青,private
002859,方隽云,private
002860,"楼月根,楼勇伟",private
002861,"黄晖,左笋娥",private
002862,蔡俊权,private
002863,葛炳灶,private
002864,谢晓林,private
002865,杨氏家族,private
002866,"邹伟民,陈敏",private
002867,"周宗文,周华珍",private
002868,赖潭平,private
002869,"罗瑞发,刘咏平,杨成,王明宽,李娜,李朝莉",private
002870,赵玉昆,private
002871,"范庆伟,范玉隆",private
002872,刘群,private
002873,董大伦,private
002875,"曹璋,王建青",private
002876,张建军,private
002877,沈剑标,private
002878,孙震,private
002879,俞正元,private
002880,深圳市光明新区管理委员会,private
002881,王平,private
002882,郑有水,private
002883,"陈凤军,刘翔,廖芳龄,周晓慧,孙家骏,陈峻",private
002884,"王海波,施宗梅",private
002885,"张立品,窦晓月",private
002886,"吴宪,何征",private
002887,"卢云慧,祁永",private
002888,"HONGBO YAO,HUIFANG CHEN",private
002889,孙卫平,private
002890,于晓卿,private
002891,"郝忠礼,肖爱玲",private
002892,"聂葆生,聂鹏举",private
002893,赵一波,private
002895,"李光明,李进",private
002896,"周国英,岑国建",private
002897,"陈献孟,方建斌,蒋友安,方建文",private
002899,丁利荣,private
002900,"秦剑飞,周莉",private
002901,"林志雄,林志军",private
002902,"杨先进,焦彩红",private
002903,许世雄,private
002905,"李玉珍,李根长",private
002906,"邹淦荣,吴卫,李道勇,张元泽,陈世银,李光辉,曾仁武,孙永镝",private
002907,游谊竹,private
002908,虢晓彬,private
002909,邹榛夫,private
002910,马红富,private
002911,佛山市国有资产监督管理委员会,state
002912,深圳市人民政府国有资产监督管理委员会,state
002913,"贺波,程涌",private
002915,徐建国,private
002916,国务院国有资产监督管理委员会,state
002917,"明刚,明景谷",private
002918,"萧华,霍荣铨,邓啟棠,张旗康",private
002919,陈勤发,private
002920,惠州市人民政府国有资产监督管理委员会,state
002921,郭元强,private
002922,肖俊承,private
002923,"李希,陈新民",private
002925,吴凯庭,private
002926,泸州市国有资产监督管理委员会,state
002927,"吴月平,黄正乾",private
002928,胡晓军,private
002929,李建国,private
002930,林海川,private
002931,董剑刚,private
002932,"陈莉莉,王颖",private
002933,戴岳,private
002935,国务院国有资产监督管理委员会,state
002936,,no_controller
002937,"张忠良,张华芬,张哲瑞,张瑞琪",private
002938,,no_controller
002939,国务院国有资产监督管理委员会,state
002940,"方南平,吕慧浩",private
002941,新疆维吾尔自治区人民政府国有资产监督管理委员会,state
002942,徐群辉,private
002943,杨宇红,private
002945,林立,private
002946,"Liu Chang,刘永好",private
002947,荆世平,private
002948,,no_controller
002949,唐崇武,private
002950,崔金海,private
002951,"李文秀,李海坚,李海峰",private
002952,贾继涛,private
002953,冯就景,private
002955,"邢修青,王京,邢正",private
002956,谢庆奎,private
002957,潘利明,private
002958,,no_controller
002959,李一峰,private
002960,,no_controller
002961,"林志斌,林鸿斌,林丽芳",private
002962,廖彬斌,private
002963,"刘清梅,戴宝林",private
002965,"陈荣,谢祥娃",private
002966,,no_controller
002967,广州无线电集团有限公司,private
002968,"王宣,李茂顺,陈建华,廖才勇",private
002969,"陈民,厉翠玲",private
002970,"赵志坚,望西淀",private
002971,"杨涛,杨峰,杨勇发,冯杰",private
002972,"郭丰明,张帆",private
002973,"郭倍华,刘少云,韩丹",private
002975,"王兆春,付林,成君",private
002976,"陈晓敏,翁荣荣",private
002977,楼继勇,private
002978,罗阳勇,private
002979,李卫平,private
002980,袁剑敏,private
002981,"沈庆凯,郭丽勤",private
002982,"邢卫民,喻自文",private
002983,"彭友,王玲丽",private
002984,秦龙,private
002985,王淑敏,private
002986,胡先念,private
002987,"费振勇,刘海凝",private
002988,"李雪琴,董卫东,董卫峰",private
002989,乔荣健,private
002990,瞿磊,private
002991,严斌生,private
002992,李军,private
002993,"刘昊,刘蕾",private
002995,信意安,private
002996,"王增潮,王真见,王启,杜福昌",private
002997,柴震,private
002998,"戴泽新,王雪萍,戴梦茜",private
002999,广东省供销合作联社,private
003000,"周劲松,李冰玉",private
003001,王立建,private
003002,秦跃中,private
003003,"周孝伟,罗素玲",private
003004,"谭政,聂蓉",private
003005,"钱瑞,江源东",private
003006,冯永林,private
003007,"王飞雪,金建林,袁隽",private
003008,,no_controller
003009,国务院国有资产监督管理委员会,state
003010,"王玉,王文慧",private
003011,"王周林,王淑芳",private
003012,何新明,private
003013,广州市人民政府国有资产监督管理委员会,state
003015,"陈超,陈晓俐",private
003016,"孙瑞鸿,孙孟慧,卓建荣,孙马宝玉",private
003017,陈阳贵,private
003018,"陈金培,陈婉如,陈珊珊",private
003019,Michael Chao-Juei Chiang,private
003020,季俊虬,private
003021,"李海周,谢燕玲",private
003022,,no_controller
003023,刘荣富,private
003025,李忠明,private
003026,"徐一俊,徐伟",private
003027,"郑光明,朱庆亚",private
003028,"陈志杰,陈玮钰,唐娟",private
003029,"于逢良,刘海涛",private
003030,"蔡祖明,蔡水埼,王茶英",private
003031,国务院国有资产监督管理委员会,state
003032,"黎活明,陈琼",private
003033,"金玉谟,金雪芝",private
003035,国务院国有资产监督管理委员会,state
003036,陈其新,private
003037,"韦泽林,韦智文,韦倩文,韦婷雯,韦洪文,韦绮雯,韦植林,韦佩雯,韦润林,李维",private
003038,唐开健,private
003039,佛山市顺德区国有资产监督管理办公室,state
003040,"苏晨,陈丽英,毛芳样,苏尔在",private
003041,郑期中,private
003042,中华全国供销合作总社,private
003043,"王彩男,王春雨,陆巧英",private
003816,国务院国有资产监督管理委员会,state
300001,于德翔,private
300002,"李力,王宁",private
300003,国务院国有资产监督管理委员会,state
300004,"杨泽文,杨子善,杨子江",private
300005,"盛发强,王静",private
300006,邱宇,private
300007,"任红军,钟超",private
300008,刘楠,private
300009,"宋礼华,宋礼名",private
300010,池燕明,private
300011,顾庆伟,private
300012,"万里鹏,万峰",private
300013,"杨奕明,王雅军",private
300014,"骆锦红,刘金成",private
300015,陈邦,private
300016,王代雪,private
300017,"陈宝珍,刘成彦",private
300018,"邓志刚,王永业,张小波,刘屹,尹健,卢春明,陈西平,尹力光",private
300019,,no_controller
300020,"王辉,刘健",private
300021,王栋,private
300022,"王新明,王红艳",private
300024,中国科学院,private
300025,程小彦,private
300026,李占通,private
300027,"王忠军,王忠磊",private
300030,邓冠华,private
300031,包志方,private
300032,金绍平,private
300033,易峥,private
300034,国务院国有资产监督管理委员会,state
300035,"余新,李爱武",private
300036,钟耳顺,private
300037,"覃九三,周达文,郑仲天,钟美红,邓永红,张桂文",private
300039,穆来安,private
300040,"李寅,赵晓红",private
300041,"章锋,刘鹏,吴正明,周明海,陈其才,陈林",private
300042,"邓国顺,成晓华",private
300043,"陈雁升,陈冬琼",private
300044,周勇,private
300045,"高小离,王琦,熊运鸿",private
300046,邢雁,private
300047,,no_controller
300048,"刘锦成,叶进吾",private
300049,王冠一,private
300050,叶滨,private
300051,龚少晖,private
300052,"李瑞杰,张云霞",private
300053,颜军,private
300054,"朱双全,朱顺全",private
300055,"王飘扬,胡安君,王婷婷,王凯龙,王长荣,王蕾",private
300056,"罗祥波,罗红花",private
300057,杜成城,private
300058,"赵文权,孙陶然,吴铁,许志平,陈良华",private
300059,沈军,private
300061,费铮翔,private
300062,"陈曼虹,陈添旭,吴昊,周玉成",private
300063,冯毅,private
300065,"申万秋,魏法军",private
300066,"李建林,李强祖",private
300067,"纪立军,张烈寅",private
300068,周庆治,private
300069,赵坚,private
300070,文剑平,private
300071,刘伟,private
300072,,no_controller
300073,国务院国有资产监督管理委员会,state
300074,"熊模昌,刘晓丹,刘晓露,刘焱,王昭阳",private
300075,吴强华,private
300076,"袁向阳,郭启寅",private
300077,中国电子信息产业集团有限公司,state
300078,路楠,private
300079,郑海涛,private
300080,宋贺臣,private
300081,孟宪民,private
300082,"朱建民,刘兆滨,仲崇纲,董振鹏",private
300083,王九全,private
300084,窦剑文,private
300085,"张学君,陈向军,李军",private
300086,洪江游,private
300087,,no_controller
300088,李焕义,private
300091,"季伟,季维东",private
300092,"林祯荣,林祯华,林祯富",private
300093,庄大建,private
300094,李忠,private
300095,聂景华,private
300096,古培坚,private
300097,谭永良,private
300098,刘双广,private
300099,"黄自伟,王晶华",private
300100,"张兴娣,邬建斌,邬维静,邬永林",private
300101,何燕,private
300102,"邓电明,王维勇,王向武",private
300103,"孙建西,李太杰",private
300105,国务院国有资产监督管理委员会,state
300106,新疆生产建设兵团农八师国有资产监督管理委员会,state
300107,朱守琛,private
300109,"王东虎,王坚强,杨海江",private
300110,梁福东,private
300111,吴建龙,private
300112,傅宇晨,private
300113,华勇,private
300115,陈奇星,private
300118,"林海峰,仇华娟",private
300119,李守军,private
300120,"张国祥,蕫树林,张秋凤",private
300121,王传华,private
300122,蒋仁生,private
300123,李跃先,private
300124,"唐柱学,宋君恩,潘异,刘迎新,刘国伟,李俊田,姜勇,熊礼文,杨春禄,朱兴明",private
300125,刘群,private
300126,"吴明厅,应媛琳",private
300127,,no_controller
300128,"富国平,杨小蔚",private
300129,"柳志成,黄京明,朱守国,夏权光,张锦楠,林寿桐,张福林",private
300130,刘祥,private
300131,胡庆周,private
300132,柯维龙,private
300133,"赵依芳,傅梅城",private
300134,孙尚传,private
300135,"周德洪,周秀凤",private
300136,彭浩,private
300137,李玉国,private
300138,,no_controller
300139,湖北省汉川市钢丝绳厂,private
300140,国务院国有资产监督管理委员会,state
300141,姚建华,private
300142,,no_controller
300143,叶运寿,private
300144,黄巧灵,private
300145,沈金浩,private
300146,梁允超,private
300147,"陈淑梅,王永辉",private
300148,肖志鸿,private
300149,王丛威,private
300150,"牛俊杰,王铁",private
300151,李焕昌,private
300152,"王文举,贾红生,侯国富,裴万柱,陈刚,王永浩",private
300153,"马恩曦,严伟立,谢松峰,戚韶群",private
300154,邱光,private
300155,"张波,张频,李乐霓",private
300157,孙庚文,private
300158,李安平,private
300159,"周卫华,王建军",private
300160,"卢秀强,卢相杞,陆秀珍",private
300161,华中科技大学,private
300162,"李漫铁,王丽珊,李跃宗,李琛",private
300163,卢先锋,private
300164,张国桉,private
300165,刘召贵,private
300166,"管连平,霍卫平",private
300167,季刚,private
300168,史一兵,private
300169,"孙剑,吕泽伟,吴海宙",private
300170,"陈迪清,范建震",private
300171,郑效东,private
300172,王政福,private
300173,"郭景松,张晓玲",private
300174,"王延安,卢元健",private
300175,戚大广,private
300176,"卢础其,卢楚隆,卢楚鹏",private
300177,廖定海,private
300179,"方海江,付玉霞",private
300180,"尤小平,尤金焕,尤小华,陈林真,尤小玲,尤小燕",private
300181,俞有强,private
300182,徐子泉,private
300183,"崔健,胡亚军,王锐",private
300184,赵马克,private
300185,司兴奎,private
300187,刘正军,private
300188,"滕达,郭永芳,刘祥南",private
300189,黄培劲,private
300190,李月中,private
300191,周锦明,private
300192,"吴贤良,吴艳红",private
300193,"徐爱平,潘磊",private
300194,汪天祥,private
300195,李莉,private
300196,"杨鹏威,杨国文,杨凤琴",private
300197,刘水,private
300198,陈志江,private
300199,"曾少贵,曾少强,曾少彬",private
300200,"冼燃,戴耀花,凤翔,李学银",private
300201,丁剑平,private
300203,"王健,姚纳新",private
300204,"周志文,冯宇霞",private
300205,华中科技大学,private
300206,"张浩,谢锡城,祖幼冬",private
300207,"王明旺,王威",private
300209,孙伯荣,private
300210,郭松森,private
300211,"王振洪,王桂珍",private
300212,国务院国有资产监督管理委员会,state
300213,"林菁,郑贵祥,王翊,刘文红,韩江春",private
300214,赵东日,private
300215,"胡德霖,胡醇",private
300217,"谭荣生,谭克,谭伟",private
300218,"姚华胜,姚和平,王义峰,杨滁光,陈茂祥",private
300219,"马成章,李国平",private
300220,梁伟,private
300221,"谭颂斌,周娟",private
300222,黄明松,private
300223,"刘强,李杰",private
300224,秘波海,private
300225,"骆丽娟,吴国政",private
300226,郭广昌,private
300227,"侯若洪,姚彩虹",private
300228,"黄锋,邬品芳",private
300229,李渝勤,private
300230,"史佩浩,王亦嘉",private
300231,詹立雄,private
300232,林洺锋,private
300233,"赵鸿富,赵叶青",private
300234,"邢翰学,吴剑鸣,邢翰科",private
300235,黄元忠,private
300236,"王福祥,孙江燕",private
300237,"张磊,李晓楠",private
300238,"朱卫平,徐国风",private
300239,王军,private
300240,"姚勤,吴有毅,沈黎明",private
300241,龚伟斌,private
300242,周建林,private
300243,周仕斌,private
300244,陈海斌,private
300245,陆文雄,private
300246,"燕金元,王石",private
300247,"金道明,马绍琴",private
300248,杨维国,private
300249,"孙屹峥,张菀",private
300250,洪爱金,private
300251,王长田,private
300252,黄昌华,private
300253,"周炜,王英",private
300254,"翁占国,张彤慧,韩振林,赵群,张振标,宣航",private
300255,高树华,private
300256,叶仙玉,private
300257,曹克坚,private
300258,"夏汉关,黄静",private
300259,"费战波,费占军",private
300260,"李水波,申安韵",private
300261,"蔡彤,汪新芽,王惠丰,毛海峰,王卓颖,马立凡",private
300263,"李占强,李明强,李明卫,李占明",private
300264,陈坤江,private
300265,张强,private
300266,"周立武,韩肖芳",private
300267,帅放文,private
300268,"龚永福,杨荣华",private
300269,"刘虎军,熊瑾玉",private
300270,石旭刚,private
300271,邵学,private
300272,瞿建国,private
300274,曹仁贤,private
300275,"马焰,叶立胜",private
300276,朱汉平,private
300277,章锋,private
300278,"颜华,罗慧",private
300279,陈柏林,private
300281,马镇鑫,private
300283,"陈晓,林萍",private
300284,"符冠华,王军华",private
300285,,no_controller
300286,周中,private
300287,"杨振华,曹忻军,陈洪顺,王守言",private
300288,王伟,private
300289,"沈广仟,孙茜",private
300290,"付艳杰,崔万涛",private
300291,国务院国有资产监督管理委员会,state
300292,万卫方,private
300293,郭洪生,private
300294,,no_controller
300295,"胡光辉,邢炜,章海林,李智",private
300296,李军,private
300298,"车宏莉,李少波",private
300299,缪品章,private
300300,"吴艳,王麒诚",private
300301,"邓子长,邓子权,邓子华,邓子贤",private
300302,"周泽湘,杨永松,佟易虹",private
300303,邢其彬,private
300304,付红玲,private
300305,王建新,private
300306,"潘建根,孟欣",private
300307,孙平范,private
300308,王伟修,private
300310,"童文伟,史亚洲,钟飞鹏,唐军,刘昱",private
300311,景晓军,private
300313,李刚,private
300314,"陈云勤,陈再宏,陈再慰",private
300315,"姚文彬,叶颖涛",private
300316,"邱敏秀,曹建伟",private
300317,"丁孔贤,李雳,丁蓓,陈汉珍",private
300318,杜江涛,private
300319,"丘国波,李文燕",private
300320,"钱胡寿,钱振宇",private
300321,孙俊成,private
300322,朱坤华,private
300323,,no_controller
300324,陈江涛,private
300326,,no_controller
300327,傅启明,private
300328,李扬德,private
300329,"金海芬,陈海伦,陈朝峰",private
300331,陈林森,private
300332,陈作涛,private
300333,魏恺言,private
300334,天津工业大学,private
300335,"常厚春,李祖芹,马革",private
300337,"沈于蓝,沈健生",private
300338,"罗建文,罗旭东,罗华东",private
300339,"周红卫,姚宁",private
300340,万国江,private
300341,陈沛欣,private
300342,"赵晓东,赵云文",private
300343,李洪国,private
300345,朱红玉,private
300346,,no_controller
300347,"叶小平,曹晓春",private
300348,王长春,private
300349,"杨斌,施正余",private
300350,张京豫,private
300351,"范永贵,范纪军,范正军,卢素珍,汪敏华,娄爱芹",private
300352,林皓,private
300353,李平,private
300354,刘士钢,private
300355,王召明,private
300357,"陈燕霓,胡赓熙",private
300358,唐岳,private
300359,"陈炽昌,林小雅",private
300360,丁敏华,private
300363,"居年丰,张和兵,陶荣",private
300364,童之磊,private
300365,"江春华,方文,罗新伟,陈显龙",private
300366,陆文斌,private
300368,"孙景涛,刘锋,鲍喜波",private
300369,,no_controller
300370,俞凌,private
300371,张力新,private
300373,梁勤,private
300374,孙志强,private
300375,张洪起,private
300376,何思模,private
300377,"唐球,鄢建红",private
300378,,no_controller
300380,"高勇,高鸣",private
300381,陈少美,private
300382,安旭,private
300383,耿殿根,private
300384,刘迪,private
300385,"杨建平,许惠芬",private
300386,黄煜,private
300387,"方胜玲,王仁宗",private
300388,李炜,private
300389,"丁彦辉,邓江波,任永红",private
300390,"裴振华,容建芬",private
300393,"张育政,林建伟",private
300394,"邹支农,欧洋",private
300395,"邓家贵,吴学民",private
300396,宋勇,private
300397,贺增林,private
300398,张金山,private
300399,钱永耀,private
300400,吴限,private
300401,邵钦祥,private
300402,陕西省国有资产监督管理委员会,state
300403,"石华山,梁颖光",private
300404,王廷春,private
300405,姜艳,private
300406,"刘希,罗爱平,孙小林,邹左军",private
300407,"孔祥洲,王伟",private
300408,张万镇,private
300409,荣继华,private
300410,"徐地华,徐国凤,徐地明",private
300411,"周建灿,周纯",private
300412,方亨志,private
300413,湖南广播电视台,private
300414,"王德言,王雪颖",private
300415,"甄荣辉,陈敬财,梁敬华",private
300416,"钟琼华,陈晨,武元桢,陈英",private
300417,"邓志溢,李源,杨耀光,杨伟光",private
300418,周亚辉,private
300419,孙成文,private
300420,"侯友夫,蔡敏,寿招爱",private
300421,施祥贵,private
300422,"王双飞,许开绍,宋海农,杨崎峰",private
300423,纪法清,private
300424,"卜范胜,黄欣,柳少娟,李凤瑞",private
300425,倪明亮,private
300426,吴宏亮,private
300427,"杨保田,杨成",private
300428,"臧立根,臧立中,臧立国,臧永兴,臧娜,臧亚坤,臧永建,臧永奕,臧永和,臧洁爱欣,刘霞,陈庆会",private
300429,"钱晓春,管军",private
300430,"梁学贤,梁凯",private
300432,安治富,private
300433,"周群飞,郑俊龙",private
300434,蒯一希,private
300435,"章有春,章有虎",private
300436,"李国平,叶理青,李国栋",private
300437,王志清,private
300438,夏信德,private
300439,邹炳德,private
300440,何鸿云,private
300441,陈金岳,private
300442,"姜卫东,舒石泉,姜晓伟,张锡亮",private
300443,伊廷雷,private
300444,赵志宏,private
300445,"姜维利,何欣",private
300446,国务院国有资产监督管理委员会,state
300447,陈祥楼,private
300448,茅庆江,private
300449,王立群,private
300450,王燕清,private
300451,葛航,private
300452,尹正龙,private
300453,"彭义兴,雷凤莲",private
300454,"何朝曦,熊武,冯毅",private
300455,国务院国有资产监督管理委员会,state
300456,杨云春,private
300457,"王维东,许小菊",private
300458,,no_controller
300459,朱志刚,private
300460,赵积清,private
300461,"竹田享司,钱承林,竹田周司,藤野康成",private
300462,张亮,private
300463,"唐勇,郭雷,王登明,刘启林",private
300464,"蔡耿锡,谢晓华",private
300465,于伟,private
300466,"厉达,厉冉,王茜",private
300467,"章建伟,袁旭,陈俊",private
300468,"周志群,邓修生",private
300469,张曙华,private
300470,四川省机械研究设计院,private
300471,江涛,private
300472,"朱业胜,曾维斌,姜承法",private
300473,李毅,private
300474,"喻丽丽,曾万辉",private
300475,"刘翔,刘军",private
300476,陈涛,private
300477,刘泽刚,private
300478,高长虹,private
300479,王继春,private
300480,赵彤宇,private
300481,"王中锋,杨瑞娜",private
300482,"李文美,王继华",private
300483,"吴海林,吴海江,吴君亮,吴汝德,吴君美",private
300484,"邱文渊,徐学海,姜仲文,傅颖,时仁帅,黄主明",private
300485,马骉,private
300486,姚卜文,private
300487,"寇晓康,高月静",private
300488,"陈尔容,陈子彦,陈子怡",private
300489,杨志峰,private
300490,"黄文宝,汪晓兵",private
300491,"贾彤颖,马晓峰,李明谦",private
300492,"陈栗,车璐,袁歆",private
300493,"葛琼,郎晓刚",private
300494,赖春临,private
300496,赵鸿飞,private
300497,包建华,private
300498,"温均生,温志芬,温鹏程,温小琼,梁焕珍,伍翠珍,温子荣,陈健兴,刘容娇,孙芬,古金英",private
300499,"李琦,吴文伟,唐洪",private
300500,"戴雅萍,查金荣,唐韶华,张敏,仇志斌,张林华,倪晓春",private
300501,"林武辉,朱秀梅",private
300502,"高光荣,胡学民,黄晓雷",private
300503,汤秀清,private
300504,"李俊霞,李俊画,李世宏,李跃亨",private
300505,刘甍,private
300506,程宗玉,private
300507,李宏庆,private
300508,"郑之开,汤同奎",private
300509,"何德平,何云涛",private
300510,徐海江,private
300511,杨勇萍,private
300512,"史中伟,徐满花,史正",private
300513,"钱苏晋,张小红",private
300514,"崔涛,崔霞",private
300515,朱先德,private
300516,中国船舶重工集团公司,state
300517,张海波,private
300518,陈湧锐,private
300519,王岳钧,private
300520,"董永东,杨杨,史兴领,许广德",private
300521,"唐晖,朱凡,李明之",private
300522,"吕仕铭,王敏",private
300523,清华大学,private
300525,陈航,private
300527,国务院国有资产监督管理委员会,state
300528,江苏省人民政府,state
300529,董凡,private
300530,蔡志华,private
300531,"郭颂,陈弋寒,刘丹",private
300532,邵健伟,private
300533,刘和国,private
300534,甘肃省国有资产监督管理委员会,state
300535,"严建林,栗工",private
300536,"吴亮,赵晓敏,吴世雄",private
300537,李有明,private
300538,"华青翠,邵羽南",private
300539,"胡志军,黄秀珠,胡永纪",private
300540,谢乐敏,private
300541,,no_controller
300542,"李福华,康路,张燕生",private
300543,刘显武,private
300545,聂泉,private
300546,"高晶,郑嵩",private
300547,文谟统,private
300548,"朱伟,丁勇",private
300549,曾正雄,private
300550,"杨一兵,杨波",private
300551,陈崇军,private
300552,翟军,private
300553,楼荣伟,private
300554,邹余耀,private
300555,贾清,private
300556,李萌迪,private
300557,武汉邮电科学研究院,private
300558,"丁列明,YINXIANG WANG",private
300559,"寇健,袁斌",private
300560,陈融洁,private
300561,陈喆,private
300562,潘伟潮,private
300563,"任凤娟,汤晓楠,汤建康",private
300564,"徐先林,徐江",private
300565,"张锋峰,陈登志,曾宪琦",private
300566,张彦,private
300567,彭骞,private
300568,"陈秀峰,陈良",private
300569,郑旭,private
300570,"张致民,张艺明,张映华,蔡乐,林升德,蔡波,姜丽娟,肖湘杰,黄伟新,郑余滨",private
300571,"郭庆,张晖",private
300572,贺宪宁,private
300573,刘继东,private
300575,"吴耀军,张骥",private
300576,"林海望,黄勇,刘启升,杨遇春,刘群英",private
300577,范劲松,private
300578,黄元元,private
300579,北京市国有资产经营有限责任公司,state
300580,曹余华,private
300581,吴坚,private
300582,Guichao Hua,private
300583,米超杰,private
300584,"曹于平,姜晓群",private
300585,刘军胜,private
300586,黄伟汕,private
300587,"王美雨,许吉锭,许孔斌",private
300588,"何开文,岳亚梅",private
300589,"夏刚,晏志清",private
300590,廖荣华,private
300591,"林大耀,林大洲,林彩虹,林大权",private
300592,周新华,private
300593,王彬,private
300594,"李敬茂,李敬恩,马筠",private
300595,陶悦群,private
300596,李海平,private
300597,吉林大学,private
300598,"王继平,刘荷艺",private
300599,黄淦雄,private
300600,龚瑞良,private
300601,杜伟民,private
300602,马飞,private
300603,王刚,private
300604,"赵轶,徐昕",private
300605,"魏晓曦,欧霖杰",private
300606,"胡秀英,杨璐,杨稹,杨勍",private
300607,吴丰礼,private
300608,吴飞舟,private
300609,张宏俊,private
300610,于子洲,private
300611,章碧鸿,private
300612,"张秀兵,万丽莉",private
300613,杨小奇,private
300614,"陈功海,李娜",private
300615,"石伟平,薛枫",private
300616,"李连柱,周淑毅",private
300617,"陈晓晖,陈晓凌,陈晓鸣",private
300618,"梁杰,梁建坤",private
300619,"张启发,梁可,陆连锁",private
300620,吴玉玲,private
300621,张汉清,private
300622,"ALEXANDER LIU,LOUISA FAN",private
300623,黄善兵,private
300624,吴太兵,private
300625,"张宇涛,林岩,张贤庆,陈松辉",private
300626,孙瑞良,private
300627,赵延平,private
300628,"吴仲毅,陈智松,卢荣富,周继伟",private
300629,"王刚,雷炳秀,王婧",private
300631,薛加玉,private
300632,"林文坤,林瑞梅",private
300633,"陈志强,吴坤祥",private
300634,"曾之俊,杨良志",private
300635,"吴君晔,李涛",private
300636,"庞正伟,梁忠诚",private
300637,"樊培仁,杨美意",private
300638,张天瑜,private
300639,"王建瑜,管乔中,管秩生,管子慧",private
300640,吴体芳,private
300641,"曹正国,沈杏秀",private
300642,姚见儿,private
300643,张健儿,private
300644,"刘越,吴劲松,刘曙阳,严渝荫",private
300645,陈坚,private
300647,"刘郁,张魁,杜建军",private
300648,"李有财,江美珠,汤平,刘作斌",private
300649,"何韦,刘克章,周为,吕明华,葛荣",private
300650,庄占龙,private
300651,"李春荣,李剑刚,李剑峰,施美华",private
300652,"沈仁荣,於彩君",private
300653,秘波海,private
300654,任志鸿,private
300655,罗培楠,private
300656,"许香灿,许文焕",private
300657,李强,private
300658,"谢继华,谢继权,谢影秋,谢淑冬,林彬彬,谢道平",private
300659,魏东晓,private
300660,苏建国,private
300661,张世龙,private
300662,"高勇,李跃章",private
300663,王安京,private
300664,"王洪春,王春林",private
300665,章卫国,private
300666,姚力军,private
300667,"代啸宁,朱红艳",private
300668,姜峰,private
300669,邹家春,private
300670,陈杰,private
300671,刘景裕,private
300672,向平,private
300673,"陈振标,郑香兰",private
300674,洪卫东,private
300675,深圳市人民政府国有资产监督管理委员会,state
300676,汪建,private
300677,刘方毅,private
300678,中国科学院国有资产经营有限责任公司,state
300679,"陈育宣,林德英",private
300680,"倪茂生,倪铭",private
300681,姜桂宾,private
300682,"徐长军,郑新标",private
300683,"陈亚,吴洪新,陈宗敏",private
300684,"叶露,吴晓宁,吴憾",private
300685,郑立谋,private
300686,"吴加维,陈奕纯",private
300687,"张成康,刘伟超,刘国华,欧阳湘英,曹金乔",private
300688,牛文文,private
300689,冯学裕,private
300690,王庆华,private
300691,"龚俊强,邱盛平,肖明志",private
300692,张伯中,private
300693,"方兴,肖学礼,盛剑明",private
300694,王洪其,private
300695,"孔爱祥,孔辰寰",private
300696,"冉光文,范庆新,谢鹏,丁洪涛",private
300697,陈力皎,private
300698,张德生,private
300699,陈光威,private
300700,"段志明,杨辉煌",private
300701,单森林,private
300702,"林洁,屠勇军",private
300703,任召国,private
300705,朱志宏,private
300706,"陈钦忠,陈秀梅",private
300707,张锡亮,private
300708,潘华荣,private
300709,"王明喜,黄逸超",private
300710,"许梦飞,许泉海",private
300711,广州市国有资产管理委员会,state
300712,"林一文,季征南,宋发兴,卓秀者,王劲军,卢庆议,钱有武,陈强",private
300713,尹伟,private
300715,钱林弟,private
300716,"邵鉴棠,杨娜",private
300717,李振斌,private
300718,孙志华,private
300719,赵子安,private
300720,郑锦康,private
300721,"刘杏元,刘准",private
300722,江西省国有资产监督管理委员会,state
300723,"李捍雄,吴美容",private
300724,"蒋柳健,余仲,左国军",private
300725,杨民民,private
300726,"曾琛,钟若农,曾继疆",private
300727,"叶剑平,俞彩娟",private
300729,"项乐宏,姜艺",private
300730,"费耀平,李杰,李建华,刘星沙,刘应龙",private
300731,周东,private
300732,"常兴文,汤意,李智,王世杰,毛振杰,刘东旭,王国锋,林明,岳建光,苏沛东,杜战军,杨磊,杨锋,张建平",private
300733,"魏晓林,喻英莲,魏永春",private
300735,唐建兴,private
300736,刘铁峰,private
300737,"陈伟忠,阮宜宝",private
300738,冯康,private
300739,张佩珂,private
300740,戴跃锋,private
300741,朱林瑶,private
300743,"韩琼,潘浦敦,刘建海",private
300745,吴壬华,private
300746,"岑政平,欧薇舟",private
300747,国务院国有资产监督管理委员会,state
300748,"蔡报贵,胡志滨,李忻农",private
300749,"林新达,林彩菊",private
300750,"曾毓群,李平",private
300751,"周剑,王正根",private
300752,"吴新理,吕小霞",private
300753,王凝宇,private
300755,吴向东,private
300756,"邓志毅,李勇,刘喜旺",private
300757,"戴军,王宏军,夏承周",private
300758,"徐惠祥,臧婕",private
300759,,no_controller
300760,"李西廷,徐航",private
300761,"程立力,沈静",private
300762,,no_controller
300763,"王一鸣,林伊蓓,王峻适",private
300765,蔡东晨,private
300766,方毅,private
300767,李涛,private
300768,郑树生,private
300769,"吉学文,孔令涌,王允实",private
300770,广东广播电视台,private
300771,干德义,private
300772,浙江省人民政府国有资产监督管理委员会,state
300773,,no_controller
300774,"权秋红,张建飞,卢慧诗",private
300775,,no_controller
300776,李志刚,private
300777,"杨永岗,温月芳",private
300778,张春杰,private
300779,张新功,private
300780,"雷永志,雷永强",private
300781,"李明,王建朝",private
300782,"许志翰,Chenhui Feng,Zhuang Tang",private
300783,章燎源,private
300784,"李士峰,邱翌",private
300785,隋国栋,private
300786,丁香鹏,private
300787,周洪亮,private
300788,中国中信集团有限公司,private
300789,"陈唐龙,周艳",private
300790,"张品光,姜先海,张伟,谭家勇,何敏超,林炎明,金永红,谷晶晶,张品章",private
300791,"林培青,陈琼",private
300792,林振宇,private
300793,"严文华,严帆",private
300795,"方欢胜,潘建军,姚宗宪",private
300796,陈峰,private
300797,国务院国有资产监督管理委员会,state
300798,赵卫国,private
300800,张广胜,private
300801,程终发,private
300802,杨勇,private
300803,王之杰,private
300804,"蔡丹群,蔡绍欣",private
300805,"梁定郊,黄勇,曾俊,张黎,吴芳,袁金涛",private
300806,"金闯,施蓉",private
300807,郭建国,private
300808,"卓楚光,郭少燕",private
300809,"曹宇中,赵泽明,刘翔雄",private
300810,蔡惠智,private
300811,杜江华,private
300812,"柴明华,高军鹏,胡靖林",private
300813,"叶大林,倪卫菊",private
300814,"王昌民,王璐,王先锋",private
300815,"周平,周梦晨",private
300816,刘屹,private
300817,"周引春,顾美娟",private
300818,郑昊,private
300819,"陆玉珍,仲湘聚,仲鸿天",private
300820,"王军,周英怀",private
300821,傅军,private
300822,"李清文,肖萍",private
300823,陈振东,private
300824,GEORGE MOHAN ZHANG,private
300825,"宣奇武,刘剑",private
300826,"卢祖飞,江红涛",private
300827,"吴强,吴超",private
300828,国占昌,private
300829,张鹏,private
300830,黎峰,private
300831,陕西省国有资产监督管理委员会,state
300832,,no_controller
300833,蒋伟楷,private
300834,"陈雁升,陈创煌,陈冬琼",private
300835,"熊永宏,熊咏鸽",private
300836,肖朝蓬,private
300837,陈利华,private
300838,"陈晓宇,任翔,王秀国,戴美春,余建平,吴平",private
300839,"金碧华,夏亚萍",private
300840,张代理,private
300841,王振滔,private
300842,"史卫利,闫经梅",private
300843,黄雪林,private
300844,"孙虎,蔡彬",private
300845,"郑乐观,张安全",private
300846,曲宁,private
300847,中国船舶重工集团公司,state
300848,王仁鸿,private
300849,"阮荣涛,高丽君",private
300850,"肖争强,肖高强",private
300851,"邱宽民,徐迅,赵胜凯,张民,赵会兵,李伟",private
300852,"刘天明,温一峰,黄志成",private
300853,"陈如申,王晓青",private
300854,"葛芳,孔熊君",private
300855,"万柏方,万金宜",private
300856,周旭明,private
300857,耿四化,private
300858,孙天松,private
300859,阜康市国有资产监督管理局,state
300860,"沙晓岚,王芳韵",private
300861,吴英,private
300862,"袁永刚,王文娟",private
300863,林光耀,private
300864,南京大学,private
300865,"甘德宏,张文秀",private
300866,"阳萌,贺丽",private
300867,"朱恒冰,朱煜煊",private
300868,"谌建平,杨美华",private
300869,胡坤,private
300870,"王合球,王玉琳,王越飞,王越天,尚韵思",private
300871,"张卫元,余姣娥",private
300872,欧阳建平,private
300873,"梁晨,杨曦",private
300875,"潘峰,毛建强,马雪峰",private
300876,郭清海,private
300877,"杨迎春,杨乐",private
300878,刘忠良,private
300879,"叶晓波,ANGELICA PG HU",private
300880,"章恩友,章国耀",private
300881,"周文庆,宗焕琴,周阳益",private
300882,"邬永强,周华",private
300883,"徐龙平,张云学",private
300884,缪国栋,private
300885,"周光荣,徐晓玉",private
300886,华文亮,private
300887,"宋薇,李阳谷",private
300888,李建全,private
300889,谢明武,private
300890,"周鹏伟,钟英浩",private
300891,"钟镇光,汪锦秀",private
300892,"王牧,徐松莉",private
300893,"胡铲明,沈燕燕,胡凯纳",private
300894,黄卫斌,private
300895,北京市人民政府国有资产监督管理委员会,state
300896,简军,private
300897,"钱炳炯,岑腾云,季永聪,王雪洲,胡绍水",private
300898,"李学军,李作恭,李锡安",private
300899,"葛文越,刘峰,邵蔚,杨旗,申雅维,杨昊鹏",private
300900,王增夺,private
300901,倪秀华,private
300902,洪伟艺,private
300903,"郑晓蓉,谭东",private
300904,"李阿波,李想",private
300905,"徐毅明,徐闻达",private
300906,"陶捷,谭晓云",private
300907,"江建平,夏宇华",private
300908,"孙耀志,朱新成",private
300909,"李明,董芳梅",private
300910,郭春萱,private
300911,"孙伟勇,孙吉,陈月华",private
300912,臧志成,private
300913,姚金龙,private
300915,"黄海晓,黄海瑚",private
300916,欧阳正良,private
300917,深圳市人民政府国有资产监督管理委员会,state
300918,龙口市东江街道南山村村民委员会,private
300919,"邓伟明,吴小歌",private
300920,张镤,private
300921,"蒋小明,陈树林",private
300922,宋金锁,private
300923,"李彪,李善群",private
300925,严华,private
300926,"伍亚林,伍阿凤",private
300927,南通市人民政府国有资产监督管理委员会,state
300928,"何信义,何攀",private
300929,安徽工业大学,private
300930,"汪志荣,汪志春",private
300931,徐志明,private
300932,宋朝阳,private
300933,"杜南平,张茜",private
300935,"陈岱林,张建云,张凯利,任卫教",private
300936,"俞卫忠,俞丞,戴丽芳",private
300937,李燕飞,private
300938,"吕杰中,吕保忠,高磊",private
300939,黄志毅,private
300940,"潘连兴,姜发明",private
300941,"张更生,林岚",private
300942,"朱海,王金玉",private
300943,杨广宇,private
300945,孙松鹤,private
300946,"林正华,陈丽钦",private
300947,"贾波,李燕灵",private
300948,"许剑平,李春林",private
300949,李宝章,private
300950,魏振文,private
300951,徐思通,private
300952,"姚海霞,王咸华,王鹏",private
300953,"蒋震林,洪瑞娣",private
300955,"曾焕彬,曾本生",private
300956,"戴明,戴军,李禹华",private
300957,"郭振宇,KEVIN GUO",private
300958,北京市国有资产监督管理委员会,state
300959,"汪坤,门庆娟",private
300960,"谢玮,徐建英",private
300961,李海波,private
300962,国务院国有资产监督管理委员会,state
300963,冯明明,private
300964,董晓俊,private
300965,"饶红松,饶丹妮,王舒公",private
300966,"系祖斌,陈文静",private
300967,魏晓明,private
300968,"吴宝发,吴宝玉",private
300969,"许宁宁,俞国梅",private
300970,余养朝,private
300971,"李文喜,岑红",private
300972,"陈文柱,王丽卿,王泽宁",private
300973,"彭裕辉,赵松涛,彭永成",private
300975,沙宏志,private
300976,李清平,private
300977,"范文宏,黄新华",private
300978,马永涛,private
300979,"张聪渊,张志邦,张文馨,张育维,周美月",private
300980,魏志祥,private
300981,厦门市人民政府国有资产监督管理委员会,state
300982,"芦伟琴,施小波",private
300983,"施泽淞,余志峰,叶阳,陈磊,潘允哲,杨立峰,张晟",private
300984,"郑立成,杨伟,赵国权,郑小军,叶建阳",private
300985,"张远,王然,张一弛",private
300986,"高渭泉,刘莉琴",private
300987,四川省委宣传部,private
300988,"闫学伟,孙兴文,云志,韩凤芝",private
300989,王富海,private
300990,"张国山,张浩雷,李丽,王淑芬",private
300991,"张建明,晏美荣",private
300992,"陈宜文,林慧",private
300993,"孙承志,崔月青",private
300994,"李政,卢志勇,李宇光",private
300995,饶德生,private
300996,"王虎,蔺国强",private
300997,"李兴,朱文湛,李康荣",private
300998,"方永杰,王亚萍",private
300999,,no_controller
301000,邵雄辉,private
301001,王莉,private
301002,"田年斌,王宗友",private
301003,吕锋,private
301004,"戚兴华,陈曙光",private
301005,宋广东,private
301006,孙卫国,private
301007,,no_controller
301008,"陆宝宏,周慧明,陆灿",private
301009,"金利伟,鲍佳",private
301010,"贾富忠,顾兰香",private
301011,苏本立,private
301012,"程俊明,邰立群",private
301013,"林宜潘,黄月明",private
301015,付钢,private
301016,刘俊,private
301017,李文杰,private
301018,崔颖琦,private
301019,任卫庆,private
301020,烟台市人民政府国有资产监督管理委员会,state
301021,赵晓杰,private
301022,"孙文强,王纪学",private
301023,刘锦成,private
301024,龚俊,private
301025,"华楠,华杉",private
301026,夏军,private
301027,"雷翔,赵成,吴广意,钟毅,何新,覃洪兵,费卫东,单梅,莫海量,邓勇杰,李嘉",private
301028,韩萤焕,private
301029,"金立国,张红,章高宏,李锦良",private
301030,"董仕宏,朱叶",private
301031,"刘冰,方广文,汪桂飞,王伟",private
301032,仇建平,private
301033,袁玉宇,private
301035,"王文才,孙国庆,丘红兵",private
301036,杨汉洲,private
301037,"杨文瑜,杨惠静",private
301038,深圳市人民政府国有资产监督管理委员会,state
301039,,no_controller
301040,,no_controller
301041,武守坤,private
301042,徐进,private
301043,李清泉,private
301045,"陈凌,梅坦",private
301046,"罗传奎,温鹏飞,张健丁",private
301047,谢良志,private
301048,中华人民共和国国务院,state
301049,"高志江,李光荣,高德堃",private
301050,邓洁茹,private
301051,,no_controller
301052,路金波,private
301053,"陈少军,张鑫霞",private
301055,"张国标,张樟生,张新程",private
301056,"李东流,李仁",private
301057,沈顺华,private
301058,国务院国有资产监督管理委员会,state
301059,"任振雪,赵国法",private
301060,"曾伟雄,靖慧娟",private
301061,李小勤,private
301062,陈安康,private
301063,"盛雪华,钱丽萍,盛天宇",private
301065,"吴政杰,刘翠容",private
301066,"屠红燕,屠红霞,李建华,王云飞,沈柏军",private
301067,林涓,private
301068,"唐伟忠,张杰来",private
301069,张松山,private
301070,"卢小波,于清梵",private
301071,"邵增明,李爱真",private
301072,"魏鹤良,魏忠",private
301073,"丁禾,吴启元",private
301075,邓勇,private
301076,"严留新,秦翠娥",private
301077,"王世杰,陈奕",private
301078,汪建国,private
301079,粟武洪,private
301080,陈宜顶,private
301081,"孙世严,孙尚泽",private
301082,张建华,private
301083,"刘润根,龚卫宁",private
301085,徐江,private
301086,"张定武,丘晓霞",private
301087,"张敏,聂娟",private
301088,"郭健,温迪",private
301089,杨西宁,private
301090,国务院国有资产监督管理委员会,state
301091,深圳市国有资产监督管理委员会,state
301092,沈建华,private
301093,"华国平,华一敏,杨菊兰",private
301095,郑勇军,private
301096,"邵春能,楼金芳",private
301097,"吴志敏,吴斌",private
301098,王宜森,private
301099,"黄绍莉,谢力书",private
301100,"王磊,韩秀兰,王文忠,隋松辰",private
301101,"谢公晚,谢公兴,曾少华",private
301102,"苏壮强,苏冠荣,苏素玉,苏武雄,苏壮奇",private
301103,"何伟,何向东,付丽芳",private
301105,"金健,蔡铁辉",private
301106,"应发祥,薄玉娟",private
301107,"胡欣睿,胡云平,丁德萍",private
301108,"蔡英传,冯燕",private
301109,戴道国,private
301110,"吕斌,卢彬",private
301111,"欧先涛,李映华",private
301112,"李罡,姜宏,余希平",private
301113,"叶跃庭,金飞春",private
301115,"余荣汉,杨江金",private
301116,田立余,private
301117,王进,private
301118,"曹立祥,李正蛟,梁玉香,胡建新,陈建国,贺志旺,李勇全,陈朝舜",private
301119,"许正庆,傅强,傅芸",private
301120,谭勇,private
301121,朱传钦,private
301122,"陆军,陆维炜,赵红",private
301123,"邓玉泉,邓可",private
301125,乐清勇,private
301126,"王毅清,王越,明晖",private
301127,黄开明,private
301128,"尹高斌,刘刚",private
301129,"于大永,于华丽",private
301130,张俊,private
301131,"郝源增,任萍",private
301132,"洪耿奇,洪娜珊,洪俊城,洪耿宇,洪丽旋,洪丽冰,洪记英",private
301133,辛洪萍,private
301135,汪军,private
301136,福建省国有资产监督管理委员会,state
301137,国务院国有资产监督管理委员会,state
301138,"包贺林,温世旭",private
301139,李晋,private
301141,"吴中平,吴双萍,吴伟平",private
301148,,no_controller
301149,韩志刚,private
301150,汪汉平,private
301151,"李政宏,李秋梅",private
301152,"王瑞庆,李轩,李雯",private
301153,丁绍连,private
301155,"许世俊,许成辰",private
301156,"洪伟,王继红",private
301157,"杨冬强,李明星",private
301158,"孙伟杰,王坤晓,刘贞峰",private
301159,金震,private
301160,钱和生,private
301161,董静,private
301162,雍正,private
301163,"杨金德,杨蕾",private
301165,福建省国有资产监督管理委员会,state
301166,"冷兆武,许晓萍",private
301167,安徽省人民政府国有资产监督管理委员会,state
301168,"严荣飞,李前进,严华,孙小芬",private
301169,袁岳,private
301170,"李忠良,李明杰",private
301171,"夏曙光,陈蓉",private
301172,曾立军,private
301173,"吴军,吴宏洋,吴雨洋",private
301175,中国科学院,private
301176,"张剑萌,张信宸",private
301177,"卢依雯,张国涛",private
301178,"林明玲,马学沛",private
301179,"夏耿耿,张剑",private
301180,"黄军,张志刚,吴国忠",private
301181,赵奇,private
301182,"陈海刚,韩留才",private
301183,"高登华,谢云",private
301185,山东大学,private
301186,"冯建军,冯峰",private
301187,"WEIDONG LU,ESTHER YIFENG LU",private
301188,高元坤,private
301189,"吴世杰,吴斌,吴承辉",private
301190,"黄国荣,吴新艳",private
301191,陈龙发,private
301192,"王世斌,姜雪",private
301193,"王熊,林慧勤",private
301195,"王云兰,于胜利,金勇",private
301196,"庄辉阳,王燕",private
301197,齐承英,private
301198,"罗志强,罗胤豪",private
301199,王金平,private
301200,高云峰,private
301201,"葛建利,卢刚,卢瑾",private
301202,高利擎,private
301203,陈柏校,private
301205,"张健,杨现文,吴天书,李林科",private
301206,聂在建,private
301207,安康,private
301208,"邵峰,田传科,李东平",private
301209,李秀梅,private
301210,"杨建林,华月清,杨浩",private
301211,刘益谦,private
301212,"牟建宇,俞快",private
301213,魏强,private
301215,国务院国有资产监督管理委员会,state
301216,沈志刚,private
301217,安徽省人民政府国有资产监督管理委员会,state
301218,"俞永方,叶建标,章忠灿",private
301219,"罗洁,谢福标,吴阳红",private
301220,周军学,private
301221,朱敦尧,private
301222,"汪剑红,汪剑平,徐燕云,汪骁阳,傅煜,傅庆华",private
301223,黄焕然,private
301225,"周书忠,胡婉音,周恒跋",private
301226,"张国祥,张敏",private
301227,边书平,private
301228,"杨进,吴耀华",private
301229,"张义,戈浩勇,戈小燕",private
301230,"安荣昌,陈平,蒋胜力",private
301231,"王艺桦,闫红兵",private
301232,张友君,private
301233,"赖喜隆,赖凯",private
301234,"黄凡,项炳义,张洪瑜",private
301235,"谭平涛,胡小艳",private
301236,刘天文,private
301237,"范和强,张静",private
301238,张家港市人民政府,state
301239,徐旭阳,private
301246,"阎晓辉,尹国平,廖利萍",private
301248,"孙超,谢皑霞",private
301251,"邓艳群,陈星",private
301252,"张良灿,张情怡,张天泓",private
301255,"项献忠,项纯坚",private
301256,刘永好,private
301257,赖春宝,private
301258,钱祥云,private
301259,钟儒波,private
301260,陈寅,private
301261,"魏志勇,杨雨轩",private
301262,山东广播电视台,private
301263,"郑汉杰,孙伟文",private
301265,"张军,沙越",private
301266,"肖锋,林敏",private
301267,苏庆灿,private
301268,陶诚,private
301269,,no_controller
301270,谢立群,private
301272,陈毅敏,private
301273,陈万东,private
301275,侯世国,private
301276,"曹胜奎,刘溦,刘林贵,马丽娟",private
301277,谢建中,private
301278,"侯艳丽,段正刚",private
301279,"金言荣,金刚强,王雅香,金晓燕",private
301280,"张建春,张建道,施士乐",private
301281,高元坤,private
301282,"李继林,周敏",private
301283,"刘青生,陈曙光,范培军",private
301285,"王玉田,石章琴",private
301286,乔志涌,private
301287,衡墩建,private
301288,刘淑杰,private
301289,上海市国有资产监督管理委员会,state
301290,"万世平,万正元",private
301291,张传卫,private
301292,杨晓宏,private
301293,"张阳,于春江,栾国明,石祥恩",private
301295,"黄晓湖,刘小龙,虞彭鑫,黄正芳,陈海多",private
301296,"袁训军,郭晓红",private
301297,,no_controller
301298,"王征,王佳杰",private
301299,姜虎林,private
301300,王承辉,private
301301,刘革新,private
301302,"李杰,韩超",private
301303,,no_controller
301305,"陈建湘,张丽音",private
301306,李泽新,private
301307,"余克飞,刘赛春,余亚军",private
301308,"蔡华波,蔡丽江",private
301309,"钟兴富,陈方仁,汪桂苹,陈金勇,陈礼宏,汪素云",private
301310,"卜晓华,孙群霞",private
301311,中国船舶重工集团有限公司,state
301312,"邱鹏,关巍,黄剑锋",private
301313,"伍穗颖,王筠",private
301314,"王兆春,于志江,文彩霞",private
301315,茆宇忠,private
301316,余浩,private
301317,"钟仁志,蔡海红",private
301318,陈涛,private
301319,"廖高兵,陈运华",private
301320,宫志强,private
301321,王照忠,private
301322,张志江,private
301323,汪小明,private
301325,"唐雪姣,彭建林",private
301326,"杨巍,辛云峰,殷冠明",private
301327,"孙中伟,温美婵",private
301328,"李文化,罗少春,李睿鑫",private
301329,,no_controller
301330,车全宏,private
301331,"薛永江,薛维洪,薛刚,薛永新",private
301332,蔡铁强,private
301333,武杰,private
301335,薛元潮,private
301336,李勇,private
301337,"耿斌,耿玉泉",private
301338,"邱国良,彭小云",private
301339,江苏省国资委,state
301345,曹马涛,private
301348,"王成名,陈湛伦,张顺",private
301349,"尹洪涛,尹士宇",private
301353,"杨伟明,韩挺",private
301355,陈凯声,private
301356,"方庆华,朱彩琴",private
301357,陈跃,private
301358,,no_controller
301359,"仇文奎,管献尧,赵一中",private
301360,"钱曙光,汪炉生,朱文兵",private
301361,"杨新征,崔文峰",private
301362,谢祖华,private
301363,熊小川,private
301365,王冠,private
301366,"汤昌茂,王灿钟,柯汉生,郑宇峰,朱兴建,李庆海,吴均",private
301367,"庄志,许坚",private
301368,"黄伟红,王友利",private
301369,"张赤梅,郑俊岭",private
301370,中国科学院,private
301371,张立国,private
301372,"葛敬,张茹敏",private
301373,胡颖妮,private
301376,宋川,private
301377,"王馨,王俊锋,王雪峰,林侠",private
301378,郑建国,private
301379,"王嗣纬,范筱芸,王嗣缜",private
301380,"李征,陈坤",private
301381,陈文平,private
301382,罗洪鹏,private
301383,冯砚儒,private
301386,"莫文艺,莫建平,朱凤英",private
301387,马增龙,private
301388,"胡志兴,胡志林",private
301389,"傅青炫,张东琴",private
301390,叶肖华,private
301391,周锦志,private
301392,"李志荣,罗志明,李志方,李秋霞",private
301393,朱勇,private
301395,"邱汉周,邱汉义,杨国贤",private
301396,欧阳华,private
301397,韩宗俊,private
301398,"邱卓雄,陆满芬",private
301399,方真健,private
301408,"何家乐,何家伦",private
301413,"邬若军,黎莉",private
301418,"顾挺,顾韧",private
301419,张耀华,private
301421,"黄胜弟,朱敏",private
301428,杨兴海,private
301429,"唐道远,张勇,王斌,唐圣卫",private
301439,迟少林,private
301446,"彭香安,彭玮",private
301448,吴宁,private
301449,"龚天保,吴百香",private
301456,"邵安仓,李玉兰",private
301458,颜睿志,private
301459,"蒋春雷,蒋淞舟,王静",private
301468,李海生,private
301469,潘昌,private
301479,赵治平,private
301486,陈潮先,private
301487,"崔根良,崔巍",private
301488,"陈清锋,陈金法",private
301489,任泽明,private
301491,"王斌,Helge Lykke Kristensen",private
301498,秦华,private
301499,"陈燕来,张茵",private
301500,"何雪娟,孙雁军,孙雁军,何雪娟",private
301501,"樊砚茹,严德平,严书景",private
301502,"许云初,许鸣飞,许燕飞",private
301503,谢伟明,private
301505,"李锋,钮卫东,朱建伟,张靖",private
301507,"竺福江,竺昱祺",private
301508,国务院国有资产监督管理委员会,state
301509,"王富民,吴连萍",private
301510,"李泽湘,高秉强,吴宏",private
301511,马科,private
301512,李晓华,private
301513,金旭东,private
301515,陈永,private
301516,"中国广核集团有限公司,吉学龙,张学军",private
301517,陕西省人民政府国有资产监督管理委员会,state
301518,"顾仁发,张秀芬,顾倩,顾磊",private
301519,"邓帮武,闵长凤",private
301520,"陶春蕾,许新珞",private
301522,栾东海,private
301525,"雷淮刚,廖原,管洪飞,邱海陵,刘占军,刘明霖",private
301526,云南省人民政府国有资产监督管理委员会,state
301528,蔡庆生,private
301529,陆文波,private
301531,韩卫东,private
301533,"夏峰,严华",private
301535,"姜肖斐,尤成武",private
301536,,no_controller
301538,"杨凤凯,杨巧云",private
301539,王文志,private
301548,周少华,private
301550,"姜岭,姜楠",private
301551,河北广播电视台,private
301552,"张万武,张子恒,郭艳芝",private
301555,"杨裕镜,游仲华",private
301556,"陈渝阳,陈丽婷",private
301557,"刘文叶,刘波涛,刘文君,包涵寓",private
301558,侯卫兵,private
301559,,no_controller
301560,孙文伟,private
301563,曾烨,private
301565,杨清金,private
301566,赵丰,private
301567,"杨炯,王央央",private
301568,"陈志忠,姚征远,张健",private
301571,"罗珏典,吴明星",private
301575,吴剑斌,private
301577,"胡联全,张定珍",private
301578,"胡卫清,余翀",private
301580,,no_controller
301581,黄山市供销合作社联合社,private
301583,钱珂,private
301584,厦门市人民政府国有资产监督管理委员会,state
301585,郭振荣,private
301586,梁禹鑫,private
301587,杨学新,private
301588,"林东融,林东亮,林东琦",private
301589,"袁胜春,宗靖国",private
301590,"柏建国,邓礼宽",private
301591,杨文光,private
301592,蒋家德,private
301595,石正兵,private
301596,"卢晓蓉,王晓",private
301598,"张云兰,李景列,张延伸",private
301599,陆浩东,private
301600,陈国鹰,private
301601,"严旭明,张建纲",private
301602,李德来,private
301603,"蒋修华,王海燕",private
301606,张清森,private
301607,李宁川,private
301608,周小强,private
301609,山东大学,private
301611,刘先兵,private
301613,"何峰,何妤",private
301616,"夏瑜键,沈春燕,夏增富",private
301617,"李成林,于国清",private
301618,卢开平,private
301622,,no_controller
301626,"谢毅,沈锋华",private
301628,祝小华,private
301629,"何沁修,王胜利,胡泓,辜国文,杨波,何沁修等五名实际控制人",private
301630,"张驰,苏世国",private
301631,"田王星,田奔",private
301632,广东省人民政府国有资产监督管理委员会,state
301633,"向爱国,顾毅,徐林业,范沛",private
301636,陈泽鹏,private
301638,国务院国有资产监督管理委员会,state
301656,朱兴明,private
301658,许韬,private
301662,"罗才华,何进",private
301665,田晓宏,private
301666,杨亚飞,private
301667,"陈荣贤,张丽琴,陈超鹏余",private
301668,"段友涛,张伶俐",private
301669,徐剑虹,private
301677,"朱冬伟,姚红飞,朱红梅,郁其娟,朱虎林",private
301678,"虞仁荣,任志军",private
301680,朱国来,private
301682,四川省政府国有资产监督管理委员会,state
301683,唐靖,private
301687,夏超华,private
301696,吴敏,private
301707,"温振霖,徐立刚",private
301717,柴杰,private
302132,国务院国有资产监督管理委员会,state
600000,,no_controller
600004,广东省人民政府,state
600006,国务院国有资产监督管理委员会,state
600007,"香格里拉(亚洲)有限公司,中国人寿保险(集团)公司",private
600008,北京市国有资产监督管理委员会,state
600009,上海市国有资产监督管理委员会,state
600010,内蒙古自治区人民政府,state
600011,国务院国有资产监督管理委员会,state
600012,安徽省人民政府国有资产监督管理委员会,state
600015,,no_controller
600016,,no_controller
600017,日照市人民政府国有资产监督管理委员会,state
600018,上海市国有资产监督管理委员会,state
600019,国务院国有资产监督管理委员会,state
600020,河南省人民政府,state
600021,国务院国有资产监督管理委员会,state
600022,山东省国有资产监督管理委员会,state
600023,浙江省人民政府国有资产监督管理委员会,state
600025,国务院国有资产监督管理委员会,state
600026,国务院国有资产监督管理委员会,state
600027,国务院国有资产监督管理委员会,state
600028,国务院国有资产监督管理委员会,state
600029,国务院国有资产监督管理委员会,state
600030,,no_controller
600031,梁稳根,private
600032,浙江省国有资产监督管理委员会,state
600033,福建省人民政府,state
600035,湖北省交通运输厅,private
600036,,no_controller
600037,北京市市政府,private
600038,国务院国有资产监督管理委员会,state
600039,四川省国有资产监督管理委员会,state
600048,国务院国有资产监督管理委员会,state
600050,国务院国有资产监督管理委员会,state
600051,李水荣,private
600052,楼忠福,private
600053,江西省国有资产监督管理委员会,state
600054,黄山市黄山风景区管理委员会,private
600055,国务院国有资产监督管理委员会,state
600056,国务院国有资产监督管理委员会,state
600057,,no_controller
600058,国务院国有资产监督管理委员会,state
600059,绍兴市国有资产监督管理委员会,state
600060,青岛市人民政府国有资产监督管理委员会,state
600061,国务院国有资产监督管理委员会,state
600062,国务院国有资产监督管理委员会,state
600063,安徽省人民政府国有资产监督管理委员会,state
600064,南京市人民政府国有资产监督管理委员会,state
600066,汤玉祥等自然人,private
600067,"薛黎曦,韩国龙",private
600071,江西省国有资产监督管理委员会,state
600072,国务院国有资产监督管理委员会,state
600073,上海市国有资产监督管理委员会,state
600075,新疆生产建设兵团农八师国有资产监督管理委员会,state
600076,"朱小洁,徐林盛,孙维东",private
600078,李兴,private
600079,艾路明,private
600080,吴一坚,private
600081,东风汽车有限公司,private
600082,天津市人民政府,state
600084,中华人民共和国财政部,private
600085,北京市国有资产监督管理委员会,state
600088,中央电视台,private
600089,张新,private
600094,俞培俤,private
600095,黄伟,private
600096,云南省人民政府国有资产监督管理委员会,state
600097,上海市国有资产监督管理委员会,state
600098,广州市人民政府国有资产监督管理委员会,state
600099,国务院国有资产监督管理委员会,state
600100,教育部,private
600101,国务院国有资产管理委员会,state
600103,福建省人民政府国有资产监督管理委员会,state
600104,上海市国有资产监督管理委员会,state
600105,"莫林弟,莫林根,顾云奎",private
600106,南光(香港)投资管理有限公司,private
600107,中华人民共和国财政部,private
600108,甘肃省人民政府,state
600109,陈金霞,private
600110,郑永刚,private
600111,内蒙古自治区人民政府,state
600113,温州市人民政府国有资产监督管理委员会,state
600114,,no_controller
600115,国务院国有资产监督管理委员会,state
600116,水利部,private
600117,青海省政府国有资产监督管理委员会,state
600118,国务院国有资产监督管理委员会,state
600119,上海国有资产经营有限公司,state
600120,浙江省人民政府国有资产监督管理委员会,state
600121,河南省人民政府国有资产监督管理委员会,state
600123,晋城市国有资产管理委员会,state
600125,中华人民共和国铁道部,private
600126,浙江省人民政府国有资产监督管理委员会,state
600127,中国农业银行股份有限公司,private
600128,江苏省人民政府国有资产监督管理委员会,state
600129,重庆市涪陵区国有资产监督管理委员会,state
600130,周骐,private
600131,国务院国有资产监督管理委员会,state
600132,CARLSBERG FOUNDATION(嘉士伯基金会),private
600133,李劲风等36位自然人,private
600135,国务院国有资产监督管理委员会,state
600136,陈小燕,private
600137,"翁荣金,翁关荣,翁荣弟",private
600138,中国青旅集团公司,private
600141,兴山县人民政府国有资产监督管理局,state
600143,袁志敏,private
600148,国务院国有资产监督管理委员会,state
600149,孙向东,private
600150,国务院国有资产监督管理委员会,state
600151,国务院国有资产监督管理委员会,state
600152,何承命,private
600153,厦门市国有资产监督管理委员会,state
600155,刘永好,private
600156,湖南省人民政府国有资产监督管理委员会,state
600157,"王广西,郭天舒",private
600158,国家体育总局,private
600159,北京市顺义区国有资产监督管理委员会,state
600160,浙江省人民政府国有资产监督管理委员会,state
600161,国务院国有资产监督管理委员会,state
600162,"刘志强,翟美卿",private
600163,福建省人民政府国有资产监督管理委员会,state
600165,宁夏回族自治区人民政府国有资产监督管理委员会,state
600166,北京市人民政府国有资产监督管理委员会,state
600167,苏素玉,private
600168,武汉市人民政府国有资产监督管理委员会,state
600169,山西省人民政府国有资产监督管理委员会,state
600170,上海市国有资产监督管理委员会,state
600171,国务院国有资产监督管理委员会,state
600172,乔秋生,private
600173,陈建成与陈嫣妮(父女),private
600176,中国建筑材料集团有限公司,private
600177,李如成,private
600178,国务院国有资产监督管理委员会,state
600179,国务院国有资产监督管理委员会,state
600180,中国东方资产管理公司,private
600182,"林美凤,林振伟,陈应毅",private
600183,,no_controller
600184,国务院国有资产监督管理委员会,state
600185,珠海市人民政府国有资产监督管理委员会,state
600186,河南省农业综合开发公司,private
600187,张扬,private
600188,山东省人民政府国有资产监督管理委员会,state
600189,吉林省人民政府国有资产监督管理委员会,state
600191,包头市人民政府国有资产监督管理委员会,state
600192,甘肃省政府国有资产监督管理委员会,state
600195,国务院国有资产监督管理委员会,state
600196,郭广昌,private
600197,新疆生产建设兵团农四师国资局,private
600198,国务院国有资产监督管理委员会,state
600199,阜阳市人民政府国有资产监督管理委员会,state
600201,,no_controller
600202,哈尔滨市人民政府国有资产监督管理委员会,state
600203,福建省国有资产监督管理委员会,state
600206,国务院国有资产监督管理委员会,state
600207,河南省发展和改革委员会,private
600208,黄伟,private
600210,沈雯,private
600211,"陈达彬,斯钦,周明德",private
600212,临沂市罗庄区罗庄街道沈泉庄村民委员会,private
600215,长春市国有资产监督管理委员会,state
600216,李春波,private
600217,冀东发展集团有限责任公司,private
600218,全椒县人民政府,state
600219,南山村村民委员会,private
600221,海南省政府国有资产监督管理委员会,state
600222,巩义市竹林镇政府,private
600223,山东省人民政府国有资产监督管理委员会,state
600226,钟管镇资产管理委员会,private
600227,贵州省人民政府国有资产监督管理委员会,state
600228,江西省国有资产监督管理委员会,state
600229,青岛市国有资产管理委员会,state
600230,中国化工农化总公司,private
600231,朝阳市国有资产监督管理委员会,state
600232,浙江省定海纺织机械总厂,private
600233,李桂莲,private
600234,田家俊,private
600235,嘉兴市国有资产监督管理委员会,state
600236,国务院国有资产监督管理委员会,state
600237,"应建仁,徐美儿",private
600238,海口市人民政府,state
600239,云南省人民政府国有资产监督管理委员会,state
600241,辽宁省人民政府国有资产监督管理委员会,state
600243,青海省政府国有资产监督管理委员会,state
600246,冯仑,private
600248,陕西省人民政府国有资产监督管理委员会,state
600249,柳州市人民政府国有资产监督管理委员会,state
600250,南京市人民政府国有资产监督管理委员会,state
600251,新疆生产建设兵团农业建设第二师,private
600252,许淑清,private
600255,李非列,private
600256,孙广信,private
600257,罗祖亮,private
600258,北京市人民政府国有资产监督管理委员会,state
600259,广东省人民政府国有资产监督管理委员会,state
600261,陈森洁及其家族关联人,private
600262,国务院国有资产监督管理委员会,state
600265,云南省人民政府国有资产监督管理委员会,state
600266,北京市国有资产监督管理委员会,state
600267,台州市椒江区人民政府,state
600268,国务院国有资产监督管理委员会,state
600269,江西省交通运输厅,private
600271,国务院国有资产监督管理委员会,state
600272,上海市静安区国有资产监督管理委员会,state
600273,秦大乾,private
600276,孙飘扬,private
600278,上海市国有资产监督管理委员会,state
600279,重庆市国有资产监督管理委员会,state
600280,祝义材,private
600281,山西省国有资产监督管理委员会,state
600282,郭广昌,private
600283,水利部综合事业局,private
600284,上海市浦东新区国有资产监督管理委员会,state
600285,新县财政局,state
600287,江苏省人民政府国有资产监督管理委员会,state
600288,"周骐,陈桢",private
600289,邓伟,private
600292,国务院国有资产监督管理委员会,state
600293,当阳市国有资产管理局,state
600295,"杨志远,李凤义,张银荣,侯永旺,王俊峰",private
600298,宜昌市国有资产监督管理委员会,state
600299,中国国有资产监督管理委员会,state
600300,"杨启典,崔焕礼,魏伯玲,胡云峰,张桂宣,厐政堂,曹荣开",private
600301,南宁市人民政府国有资产监督管理委员会,state
600302,西安市人民政府国有资产监督管理委员会,state
600303,"李进巅,李海阳",private
600305,镇江市国有资产监督管理委员会,state
600307,甘肃省人民政府国有资产监督管理委员会,state
600308,李建华,private
600309,烟台万华合成革集团有限公司,private
600310,广西贺州市人民政府国资委,state
600312,国家电网公司,state
600313,国务院国有资产监督管理委员会,state
600315,上海市国有资产管理委员会,state
600316,国务院国有资产监督管理委员会,state
600318,黄炳均,private
600319,潍坊市国有资产管理委员会,state
600320,国务院国有资产监督管理委员会,state
600322,天津市国有资产监督管理委员会,state
600323,佛山市南海区公有资产管理办公室,private
600325,珠海市人民政府国有资产监督管理委员会,state
600326,西藏自治区人民政府国有资产监督管理委员会,state
600327,王均金,private
600328,国务院国有资产监督管理委员会,state
600329,天津市人民政府国有资产监督管理委员会,state
600330,潘建清,private
600331,刘沧龙,private
600332,广州市国有资产监督管理委员会,state
600333,长春市国有资产监督管理委员会,state
600335,国务院国有资产监督管理委员会,state
600336,青岛市人民政府国有资产监督管理委员会,state
600337,冯东明,private
600338,黄瑛,private
600339,新疆克拉玛依市独山子区国有资产管理局,state
600340,王文学,private
600343,国务院国有资产监督管理委员会,state
600345,武汉市人民政府国有资产监督管理委员会,state
600346,大连市人民政府国有资产监督管理委员会,state
600348,山西省国有资产监督管理委员会,state
600350,山东省国有资产监督管理委员会,state
600351,芮城县经济和信息化局,private
600352,"阮水龙,阮伟祥,项志峰",private
600353,张建和,private
600354,酒泉市国有资产监督管理委员会,state
600356,牡丹江国有资产管理委员会,state
600358,国务院国有资产监督管理委员会,state
600359,新疆生产建设兵团第一师国有资产监督管理委员会,state
600360,梁志勇,private
600361,国务院国有资产监督管理委员会,state
600362,江西省国有资产监督管理委员会,state
600363,江西省国有资产监督管理委员会,state
600365,傅军,private
600366,竺韵德,private
600367,青岛市人民政府国有资产监督管理委员会,state
600368,广西壮族自治区人民政府国有资产监督管理委员会,state
600369,重庆市国有资产监督管理委员会,state
600370,卞兴才,private
600371,鲁冠球,private
600372,国务院国有资产监督管理委员会,state
600373,江西省人民政府,state
600375,马鞍山市人民政府,state
600376,北京市人民政府国有资产监督管理委员会,state
600377,江苏省国有资产监督管理委员会,state
600378,国务院国有资产监督管理委员会,state
600379,国务院国有资产监督管理委员会,state
600380,朱保国,private
600381,黄贤优,private
600382,张伟标,private
600383,,no_controller
600386,北京市国有资产监督管理委员会,state
600388,周苏华,private
600389,,no_controller
600390,国务院国有资产管理委员会,state
600391,国务院国有资产监督管理委员会,state
600392,山西省国有资产监督管理委员会,state
600395,贵州省国有资产监督管理委员会,state
600396,国务院国有资产监督管理委员会,state
600397,江西省国有资产监督管理委员会,state
600398,江阴市新桥镇人民政府,state
600399,辽宁省国有资产监督管理委员会,state
600400,周耀庭,private
600403,上海贝尔工会,private
600405,何振亚,private
600406,国务院国有资产监督管理委员会,state
600408,李安民,private
600409,唐山三友集团有限公司,private
600410,"王维航,苏纲,刘建柱,刘燕京,胡联奎,北京六所华胜高技术股份有限公司",private
600415,义乌市国有资产监督管理局,state
600416,湖南省国有资产管理委员会,state
600418,安徽省国有资产监督管理委员会,state
600419,石河子国有资产经营(集团)有限公司,state
600420,国务院国有资产监督管理委员会,state
600422,汪力成,private
600423,柳州市国有资产监督管理委员会,state
600425,新疆生产建设兵团农一师国有资产监督管理委员会,state
600426,山东省国有资产管理委员会,state
600428,国务院国有资产监督管理委员会,state
600429,北京市国有资产监督管理委员会,state
600433,国务院国有资产监督管理委员会,state
600435,国务院国有资产监督管理委员会,state
600436,漳州市国有资产监督管理委员会,state
600438,刘汉元,private
600439,郑有全,private
600444,合肥市人民政府国有资产监督管理委员会,state
600446,,no_controller
600448,国务院国有资产监督管理委员会,state
600449,中国中材集团有限公司,private
600452,重庆市涪陵区国有资产监督管理委员会,state
600455,西安市人民政府,state
600456,陕西省国有资产监督管理委员会,state
600458,国务院国有资产监督管理委员会,state
600459,云南省国有资产监督管理委员会,state
600460,"陈向东,范伟宏,郑少波,江忠永,罗华兵,宋卫权,陈国华",private
600461,南昌市国有资产监督管理委员会,state
600463,北京市顺义区人民政府国有资产监督管理委员会,state
600467,唐传勤,private
600468,天津市国有资产监督管理委员会,state
600469,国务院国有资产监督管理委员会,state
600470,铜陵市国有资产管理委员会,state
600475,无锡市国有资产监督管理委员会,state
600476,中国邮政集团公司,private
600477,单银木,private
600478,钟发平,private
600479,株洲市国有资产监督管理委员会,state
600480,国务院国有资产监督管理委员会,state
600481,缪双大,private
600482,国务院国有资产监督管理委员会,state
600483,福建省人民政府国有资产监督管理委员会,state
600486,扬州市国有资产监督管理委员会,state
600487,崔根良,private
600488,天津市人民政府国有资产监督管理委员会,state
600489,国务院国有资产监督管理委员会,state
600490,姜照柏,private
600491,赖振元,private
600493,陈澄清,private
600495,国务院国有资产监督管理委员会,state
600496,金良顺,private
600497,云南省人民政府国有资产监督管理委员会,state
600498,国务院国有资产监督管理委员会,state
600499,卢勤,private
600500,中国中化集团公司,private
600501,国务院国有资产监督管理委员会,state
600502,安徽省人民政府国有资产监督管理委员会,state
600503,王伟林,private
600505,国务院国有资产监督管理委员会,state
600506,新疆巴州国有资产监督管理委员会,state
600507,方威,private
600508,国务院国有资产监督管理委员会,state
600509,新疆生产建设兵团农八师石河子市国有资产监督管理委员会,state
600510,常州国家高新技术产业开发区管理委员会,private
600511,国务院国有资产监督管理委员会,state
600512,叶洋友家族,private
600513,扬州市人民政府国有资产监督管理委员会,state
600515,海南航空股份有限公司工会委员会,private
600516,方威,private
600517,徐锦鑫,private
600518,马兴田,private
600519,贵州省人民政府国有资产监督管理委员会,state
600520,铜陵市工业投资控股有限公司,private
600521,陈保华,private
600522,薛济萍,private
600523,国务院国有资产监督管理委员会,state
600525,李嘉诚家族,private
600526,诸暨市国有资产监督管理委员会,state
600527,陶国平,private
600528,国务院国有资产监督管理委员会,state
600529,沂源县公有资产管理委员会,private
600530,上海交通大学,private
600531,济源市人民政府,state
600533,南京市栖霞区国有资产投资中心,state
600535,闫希军,private
600536,国务院国有资产监督管理委员会,state
600537,陈龙海,private
600538,潘利斌,private
600539,太原市国有资产管理委员会,state
600540,新疆生产建设兵团农业第五师国有资产监督管理委员会,state
600543,甘肃省农垦集团有限责任公司,private
600545,乌鲁木齐市国有资产监督管理委员会,state
600546,山西省人民政府国有资产监督管理委员会,state
600547,山东省人民政府国有资产监督管理委员会,state
600548,深圳市国有资产监督管理局,state
600549,福建省国有资产管理委员会,state
600550,国务院国有资产监督管理委员会,state
600551,安徽省人民政府,state
600552,国务院国有资产监督管理委员会,state
600556,"陈巧仙,何京云",private
600557,肖伟,private
600558,自贡市国有资产监督管理委员会,state
600559,衡水市人民政府国有资产监督管理委员会,state
600560,国务院国有资产监督管理委员会,state
600561,南昌市交通运输局,private
600562,国务院国有资产监督管理委员会,state
600563,厦门市法拉发展总公司,private
600566,田德胜等49名自然人,private
600567,马鞍山市人民政府,state
600568,许德来,private
600569,河南省人民政府国有资产监督管理委员会,state
600570,"黄大成,彭政纲等10位自然人",private
600571,郭华强,private
600572,胡季强,private
600573,北京市人民政府,state
600575,安徽省人民政府国有资产监督管理委员会,state
600576,孔德永,private
600577,李光荣,private
600578,北京市国有资产监督管理委员会,state
600579,国务院国有资产监督管理委员会,state
600580,陈建成,private
600581,国务院国有资产监督管理委员会,state
600582,国务院国有资产监督管理委员会,state
600583,国务院国有资产监督管理委员会,state
600584,王新潮,private
600585,安徽省国有资产监督管理委员会,state
600586,丁茂良,private
600587,山东省人民政府国有资产监督管理委员会,state
600588,王文京,private
600589,林素娟,private
600590,清华控股有限公司,private
600592,漳州市国有资产监督管理委员会,state
600593,大连星海湾开发建设管理中心,private
600594,窦啟玲,private
600595,"Maxon Limited,张志平,张高波",private
600596,"徐冠巨,徐观宝,徐传化",private
600597,上海市国有资产监督管理委员会,state
600598,中华人民共和国农业部,private
600600,青岛市人民政府国有资产监督管理委员会,state
600601,北京大学,private
600602,上海市国有资产监督管理委员会,state
600603,陈铁铭,private
600604,上海市国有资产监督管理委员会,state
600605,郑树昌,private
600606,上海市国有资产监督管理委员会,state
600609,沈阳市国有资产管理委员会,state
600610,上海国有资产监督管理委员会,state
600611,职工持股会,private
600612,上海市国有资产监督管理委员会,state
600613,"文邦英,张芝庭",private
600615,江鸣,private
600616,上海市国有资产监督管理委员会,state
600617,陈正华,private
600618,上海国有资产监督管理委员会,state
600619,上海电气(集团)总公司,private
600620,"叶立润,周月华",private
600621,上海市国有资产监督管理委员会,state
600622,上海市嘉定区国有资产监督管理委员会,state
600623,上海市国有资产监督管理委员会,state
600624,国家教育部,private
600626,上海市国有资产监督管理委员会,state
600628,上海市黄浦区国有资产监督管理委员会,state
600629,上海市国有资产监督管理委员会,state
600630,上海市国有资产监督管理委员会,state
600633,林海文,private
600635,,no_controller
600637,上海市国有资产监督管理委员会,state
600638,中国人民保险集团,private
600639,"上海市国有资产监督管理委员会,上海市浦东新区国有资产监督管理委员会",state
600640,国务院国有资产监督管理委员会,state
600641,林逢生,private
600642,上海市国有资产监督管理委员会,state
600643,上海工商界爱国建设特种基金会,private
600644,国务院国有资产管理委员会,state
600645,韩月娥,private
600648,上海市浦东新区国有资产监督管理委员会,state
600649,上海市国有资产监督管理委员会,state
600650,上海市国有资产监督管理委员会,state
600651,上海市国有资产监督管理委员会,state
600653,辽宁省人民政府,state
600654,上海市国有资产管理委员会,state
600655,郭广昌,private
600657,中华人民共和国财政部,private
600658,北京市国有资产监督管理委员会,state
600660,"曹德旺,陈凤英",private
600661,上海交通大学,private
600662,上海市国有资产监督管理委员会,state
600663,"上海市国有资产监督管理委员会,上海市浦东新区国有资产监督管理委员会",state
600664,哈尔滨市国有资产监督管理委员会,state
600665,西安高新技术产业开发区管委会,private
600666,重庆市涪陵区国有资产监督管理委员会,state
600667,无锡市国有资产管理委员会,state
600668,金华市国有资产监督管理委员会,state
600671,章鹏飞,private
600673,张中能,private
600674,四川省政府国有资产监督管理委员会,state
600675,上海市国有资产监督管理委员会,state
600676,上海市国有资产监督管理委员会,state
600678,冯海良,private
600679,上海市金山区国有资产监督管理委员会,state
600681,何长津,private
600682,王恒,private
600683,北京市人民政府国有资产监督管理委员会,state
600684,广州市人民政府国有资产监督管理委员会,state
600685,国务院国有资产监督管理委员会,state
600686,,no_controller
600688,国务院国有资产监督管理委员会,state
600689,重庆市国有资产监督管理委员会,state
600690,海尔集团公司,private
600691,张涌,private
600692,上海市崇明县国有资产监督管理委员会,state
600693,毕德才,private
600694,,no_controller
600697,长春市国有资产监督管理委员会,state
600698,国务院国有资产监督管理委员会,state
600699,宁波均胜投资集团有限公司,private
600702,射洪县人民政府,state
600703,林秀成,private
600704,浙江省人民政府,state
600706,骆志松,private
600707,国务院国有资产监督管理委员会,state
600708,上海市国有资产监督管理委员会,state
600710,国务院国有资产监督管理委员会,state
600711,姚娟英,private
600712,南宁市人民政府国有资产监督管理委员会,state
600713,南京市人民政府国有资产监督管理委员会,state
600714,青海省政府国有资产监督管理委员会,state
600715,北京经济技术开发区国有资产管理办公室,state
600716,江苏省人民政府,state
600717,天津市人民政府国有资产监督管理委员会,state
600718,,no_controller
600719,大连市人民政府国有资产监督管理委员会,state
600720,国务院国有资产监督管理委员会,state
600721,新疆生产建设兵团农业建设第六师,private
600722,河北省人民政府国有资产监督管理委员会,state
600724,宁波市人民政府国有资产监督管理委员会,state
600725,云南省人民政府国有资产监督管理委员会,state
600726,国务院国有资产监督管理委员会,state
600727,无棣县国有资产管理局,state
600728,刘伟,private
600729,重庆市国有资产监督管理委员会,state
600730,"周科群,钟祥,史晨皓",private
600731,湖南省人民政府国有资产监督管理委员会,state
600732,张兴标,private
600733,北京市国有资产监督管理委员会,state
600734,景百孚,private
600735,张建华,private
600736,苏州市人民政府苏州高新区管理委员会,state
600737,国务院国有资产监督管理委员会,state
600738,朱宝良,private
600739,辽宁省人民政府国有资产监督管理委员会,state
600740,山西省人民政府国有资产监督管理委员会,state
600741,上海市国有资产监督管理委员会,state
600742,国务院国有资产监督管理委员会,state
600743,北京市西城区人民政府国有资产监督管理委员会,state
600744,国务院国有资产监督管理委员会,state
600745,高建荣,private
600746,镇江市国有资产监督管理委员会,state
600748,上海市国有资产监督管理委员会,state
600749,欧阳旭及其家族,private
600750,江西省国有资产监督管理委员会,state
600751,海南省政府国有资产监督管理委员会,state
600753,李大明,private
600754,上海市国有资产监督管理委员会,state
600755,厦门市人民政府国有资产监督管理委员会,state
600756,山东省人民政府国有资产监督管理委员会,state
600757,国务院国有资产监督管理委员会,state
600758,辽宁省国有资产监督管理委员会,state
600759,陈隆基,private
600760,国务院国有资产监督管理委员会,state
600761,安徽省人民政府国有资产监督管理委员会,state
600763,吕建明,private
600764,国务院国有资产监督管理委员会,state
600765,国务院国有资产监督管理委员会,state
600768,"宋汉平,华声康等20名自然人",private
600769,武汉市国有资产监督管理委员会,state
600770,昝圣达,private
600771,郭家学,private
600773,上海市闸北区国有资产监督管理委员会,state
600774,武汉市汉阳区国有资产监督管理办公室,state
600775,中国华融资产管理公司,private
600776,国务院国有资产监督管理委员会,state
600777,常宗琳,private
600778,乌鲁木齐市人民政府,state
600779,"杨肇基,黄建勇,陈可等49人",private
600780,山西省国有资产监督管理委员会,state
600782,江西省国有资产监督管理委员会,state
600783,山东省人民政府国有资产监督管理委员会,state
600784,山东省国有资产监督管理委员会,state
600785,张文中,private
600787,国务院国有资产监督管理委员会,state
600789,山东省人民政府国有资产监督管理委员会,state
600790,绍兴县人民政府,state
600791,北京市国有资产监督管理委员会,state
600792,云南省国有资产监督管理委员会,state
600793,宜宾市政府国有资产监督管理委员会,state
600794,张家港保税区管委会,private
600795,国务院国有资产监督管理委员会,state
600796,海宁市国有资产管理委员会,state
600797,浙江大学,private
600798,宁波市人民政府国有资产监督管理委员会,state
600800,天津市人民政府国有资产监督管理委员会,state
600801,Holcim Ltd.,private
600802,福建省国有资产监督管理委员会,state
600803,王玉锁,private
600805,盐城市国有资产监督管理委员会,state
600807,曾昭秦,private
600808,安徽省人民政府国有资产监督管理委员会,state
600809,山西省国有资产监督管理委员会,state
600810,河南省国有资产监督管理委员会,state
600812,河北省国有资产监督管理委员会,state
600814,杭州国有资产监督管理委员会,state
600815,厦门市人民政府国有资产监督管理委员会,state
600816,高天国,private
600817,郭永明,private
600818,陈荣,private
600819,上海市国有资产监督管理委员会,state
600820,上海市国有资产监督管理委员会,state
600821,天津市国有资产监督管理委员会,state
600822,上海市国有资产监督管理委员会,state
600824,上海市卢湾区国有资产监督管理委员会,state
600825,中共上海市委宣传部,private
600826,上海市国有资产监督管理委员会,state
600827,上海市国有资产监督管理委员会,state
600828,黄茂如,private
600829,哈尔滨市国有资产监督管理委员会,state
600830,中国烟草总公司,private
600831,陕西省广播电影电视局,private
600833,百联集团有限公司,private
600834,上海久事公司,private
600835,上海市国有资产监督管理委员会,state
600838,上海市静安区国有资产监督管理委员会,state
600839,绵阳市国有资产监督管理委员会,state
600841,上海市国有资产监督管理委员会,state
600843,上海市浦东新区国有资产监督管理委员会,state
600844,江苏省丹阳市人民政府,state
600845,国务院国有资产监督管理委员会,state
600846,同济大学,private
600847,刘悉承,private
600848,上海市国有资产监督管理委员会,state
600850,国务院国有资产监督管理委员会,state
600851,上海洞泾经济联合总公司,private
600853,黑龙江省人民政府国有资产监督管理委员会,state
600854,春兰(集团)公司,private
600855,国务院国有资产监督管理委员会,state
600857,朱敏,private
600858,山东省人民政府国有资产监督管理委员会,state
600859,北京市国有资产监督管理委员会,state
600860,北京市人民政府国有资产监督管理委员会,state
600861,北京市人民政府国有资产监督管理委员会,state
600862,南通市国有资产监督管理委员会,state
600863,国务院国有资产监督管理委员会,state
600864,哈尔滨市人民政府国有资产监督管理委员会,state
600865,王水福,private
600866,广东省人民政府,state
600867,,no_controller
600868,杨钦欢,private
600869,蒋锡培,private
600871,国务院国有资产监督管理委员会,state
600872,中山火炬高技术产业开发区管理委员会,private
600873,孟庆山及其一致行动人,private
600874,天津市人民政府国有资产监督管理委员会,state
600875,国务院国有资产监督管理委员会,state
600876,国务院国有资产监督管理委员会,state
600877,国务院国有资产监督管理委员会,state
600879,国务院国有资产监督管理委员会,state
600880,成都商报社,private
600881,长春市人民政府国有资产监督管理委员会,state
600882,国务院国有资产监督管理委员会,state
600883,王绥义,private
600884,郑永刚,private
600885,高元坤,private
600886,国务院国有资产监督管理委员会,state
600887,呼和浩特市国有资产管理委员会,state
600888,张新,private
600889,南京市国有资产监督管理委员会,state
600892,姚振华,private
600893,国务院国有资产监督管理委员会,state
600894,广州市人民政府国有资产监督管理委员会,state
600895,上海市浦东新区国有资产监督管理委员会,state
600897,厦门市国有资产监督管理委员会,state
600900,国务院国有资产监督管理委员会,state
600901,江苏省人民政府国有资产监督管理委员会,state
600903,刘江,private
600905,国务院国有资产监督管理委员会,state
600906,河北省国有资产监督管理委员会,state
600908,,no_controller
600909,安徽省国有资产监督管理委员会,state
600916,国务院国有资产监督管理委员会,state
600917,重庆市国有资产监督管理委员会,state
600918,山东省人民政府国有资产监督管理委员会,state
600919,,no_controller
600925,江苏省人民政府,state
600926,杭州市财政局,state
600927,浙江省财政厅,private
600928,西安市人民政府,state
600929,湖南省人民政府国有资产监督管理委员会,state
600930,国务院国有资产监督管理委员会,state
600933,张建成,private
600935,安徽省人民政府国有资产监督管理委员会,state
600936,广西电视台,private
600938,国务院国有资产监督管理委员会,state
600939,重庆市国有资产监督管理委员会,state
600941,中国移动通信集团有限公司,state
600955,"徐云亭,魏玉东,张吉奎,张尧宗,李玉生,李秀民,王海峰,索树城,薄立安,袁崇敬,赵宝民,郭兆年,郭建国,陈国玉,陈敏华,王守业",private
600956,河北省人民政府国有资产监督管理委员会,state
600958,,no_controller
600959,,no_controller
600960,滨州市人民政府国有资产监督管理委员会,state
600961,中国五矿集团公司,private
600962,国务院国有资产监督管理委员会,state
600963,国务院国有资产监督管理委员会,state
600965,李福成,private
600966,杨延良,private
600967,国务院国有资产监督管理委员会,state
600968,中国海洋石油总公司,private
600969,郴州市人民政府,state
600970,国务院国有资产监督管理委员会,state
600971,安徽省人民政府国有资产监督管理委员会,state
600973,扬州市人民政府国有资产监督管理委员会,state
600975,湖南省人民政府国有资产监督管理委员会,state
600976,汪力成,private
600977,中国电影集团公司,private
600979,广安市广安区人民政府,state
600980,国务院国有资产监督管理委员会,state
600981,江苏省人民政府国有资产监督管理委员会,state
600982,宁波市国有资产监督管理委员会,state
600983,合肥市人民政府国有资产监督管理委员会,state
600984,陕西省人民政府国有资产监督管理委员会,state
600985,安徽省国有资产监督管理委员会,state
600986,刘双珉,private
600987,杭州萧山航民村资产经营中心,private
600988,吴培青,private
600989,党彦宝,private
600990,国务院国有资产监督管理委员会,state
600992,贵州省国有资产监督管理委员会,state
600993,,no_controller
600995,广东省国有资产监督管理委员会,state
600996,贵州广播电视台,private
600997,河北省人民政府国有资产监督管理委员会,state
600998,刘宝林,private
600999,国务院国有资产监督管理委员会,state
601000,唐山市人民政府国有资产监督管理委员会,state
601001,山西省国有资产监督管理委员会,state
601002,"蔡永龙,蔡晋彰,蔡林玉华,蔡雯婷",private
601003,广西壮族自治区国有资产监督管理委员会,state
601005,重庆市国有资产监督管理委员会,state
601006,中华人民共和国铁道部,private
601007,江苏省国有资产监督管理委员会,state
601008,连云港市国有资产监督管理委员会,state
601009,,no_controller
601010,徐长江,private
601011,焦云,private
601012,"李振国,李喜燕",private
601015,李保平,private
601016,国务院国有资产监督管理委员会,state
601018,宁波市人民政府国有资产监督管理委员会,state
601019,山东省人民政府,state
601020,刘建军,private
601021,王正华,private
601022,浙江省国有资产监督管理委员会,state
601026,"季刚,张婷",private
601033,广州市人民政府,state
601038,国务院国有资产监督管理委员会,state
601058,杜玉岱,private
601059,中华人民共和国财政部,private
601061,中国中信集团有限公司,private
601065,江西省国有资产监督管理委员会,state
601066,,no_controller
601068,国务院国有资产监督管理委员会,state
601069,新疆维吾尔自治区人民政府国有资产监督管理委员会,state
601077,,no_controller
601083,上海市国有资产监督管理委员会,state
601086,张国芳,private
601088,国务院国有资产监督管理委员会,state
601089,胡柏藩,private
601096,国务院国有资产监督管理委员会,state
601098,湖南出版投资控股集团有限公司,private
601099,"北京玺萌置业有限公司,北京华信六合投资有限公司,大华大陆投资有限公司,云南省国有资产经营有限责任公司,中储发展股份有限公司",state
601100,"汪立平,钱佩新",private
601101,北京市人民政府国有资产监督管理委员会,state
601106,国务院国有资产监督管理委员会,state
601107,四川省人民政府国有资产监督管理委员会,state
601108,浙江省财政厅,private
601111,国务院国有资产监督管理委员会,state
601112,"张健侃,张毓强",private
601113,"丁志民,丁军民,丁尔民",private
601116,陈念慈,private
601117,中国化学工程集团公司,private
601118,海南省农垦集团有限公司,private
601121,新疆维吾尔自治区地质矿产勘查开发局,private
601126,"杨奇逊,王绪昭",private
601127,张兴海,private
601128,,no_controller
601133,过建廷,private
601136,北京市人民政府国有资产监督管理委员会,state
601137,谢识才,private
601138,,no_controller
601139,深圳市国有资产监督管理局,state
601155,王振华,private
601156,国务院国有资产监督管理委员会,state
601158,重庆市国有资产监督管理委员会,state
601162,,no_controller
601163,丁玉华,private
601166,,no_controller
601168,青海省政府国有资产监督管理委员会,state
601169,,no_controller
601177,杭州市萧山区国有资产管理委员会办公室,state
601179,国务院国有资产监督管理委员会,state
601186,国务院国有资产监督管理委员会,state
601187,,no_controller
601188,黑龙江省交通运输厅,private
601198,中华人民共和国财政部,private
601199,江阴市人民政府,state
601200,上海市国有资产监督管理委员会,state
601208,"冼燃,戴耀花,凤翔,李学银",private
601211,上海国际集团有限公司,private
601212,甘肃省人民政府国有资产监督管理委员会,state
601216,杜江涛,private
601218,包士金,private
601222,陆永华,private
601225,陕西省人民政府国有资产监督管理委员会,state
601226,国务院国有资产监督管理委员会,state
601228,广州市人民政府国有资产监督管理委员会,state
601229,,no_controller
601231,"张虔生,张洪本",private
601233,陈士良,private
601236,中国烟草总公司,private
601238,广州市国资委,state
601279,"林启彬,陈榕煖,林上琦,林上炜,林臻吟",private
601288,中央汇金投资有限责任公司,private
601298,青岛市人民政府国有资产监督管理委员会,state
601311,刘国本,private
601318,,no_controller
601319,中华人民共和国财政部,private
601326,河北省人民政府国有资产监督管理委员会,state
601328,中华人民共和国财政部,private
601330,北京市人民政府国有资产监督管理委员会,state
601333,中华人民共和国铁道部,private
601336,国务院国有资产监督管理委员会,state
601339,"杨卫新,杨卫国",private
601360,"金志峰,金祖铭",private
601366,"徐恭藻,徐瑞泽,赵钦霞",private
601368,南宁市人民政府国有资产监督管理委员会,state
601369,西安市人民政府国有资产监督管理委员会,state
601375,河南省发展和改革委员会,private
601377,福建省财政厅,private
601388,"黄崇胜,林胜枝",private
601390,国务院国有资产监督管理委员会,state
601398,,no_controller
601399,国务院国有资产监督管理委员会,state
601456,无锡市人民政府国有资产监督管理委员会,state
601500,"周耀庭,周海江,周鸣江,周海燕,顾萃,刘连红",private
601512,苏州工业园区国有资产控股发展有限公司,state
601515,"黄晓鹏,黄佳儿,黄炳文",private
601518,吉林省交通运输厅,private
601519,张长虹,private
601528,,no_controller
601555,苏州市人民政府国有资产监督管理委员会,state
601566,林聪颖,private
601567,"何意菊,郑坚江",private
601568,陕西省人民政府国有资产监督管理委员会,state
601577,,no_controller
601579,金良顺,private
601588,北京市人民政府国有资产监督管理委员会,state
601595,上海市国有资产监督管理委员会,state
601598,国务院国有资产监督管理委员会,state
601599,钱文龙,private
601600,中国铝业公司,private
601601,,no_controller
601606,安徽省国有资产监督管理委员会,state
601607,上海市国有资产监督管理委员会,state
601608,中国中信集团有限公司,private
601609,"楼国强,陆小咪",private
601611,国务院国有资产监督管理委员会,state
601615,"吴玲,张传卫,张瑞",private
601616,严怀忠,private
601618,国务院国有资产监督管理委员会,state
601619,陈波,private
601628,中华人民共和国财政部,private
601633,魏建军,private
601636,俞其兵,private
601658,中国邮政集团公司,private
601665,,no_controller
601666,河南省国有资产监督管理委员会,state
601668,国务院国有资产监督管理委员会,state
601669,国务院国有资产监督管理委员会,state
601677,马廷义,private
601678,"张忠正,石秦岭,刘维群,金建全,杜秋敏,李德敏,初照圣,王黎明,王树华,赵红星",private
601686,"李茂津,徐广友,尹九祥,徐广利,陈克春,陈广岭,刘振东,朱美华",private
601688,江苏省人民政府国有资产监督管理委员会,state
601689,邬建树,private
601696,,no_controller
601698,国务院国有资产监督管理委员会,state
601699,山西省人民政府国有资产监督管理委员会,state
601700,范建刚,private
601702,尤小平,private
601717,河南省人民政府国有资产监督管理委员会,state
601718,国务院国有资产监督管理委员会,state
601727,上海市国有资产监督管理委员会,state
601728,国务院国有资产监督管理委员会,state
601766,国务院国有资产监督管理委员会,state
601777,"尹明善,陈巧凤,尹索微,尹喜地",private
601778,"李仙德,陈康平,李仙华",private
601788,"中国光大(集团)总公司,中国光大集团有限公司",private
601789,"陈建国,潘信强,乌家瑜,陈贤华,翁海勇,徐文卫,鲍林春",private
601798,国务院国有资产监督管理委员会,state
601799,周晓萍,private
601800,国务院国有资产监督管理委员会,state
601801,安徽省人民政府,state
601808,国务院国有资产监督管理委员会,state
601811,四川省政府国有资产监督管理委员会,state
601816,中国国家铁路集团有限公司,private
601818,中央汇金投资有限责任公司,private
601825,,no_controller
601827,重庆市国有资产监督管理委员会,state
601828,车建兴,private
601838,,no_controller
601857,国务院国有资产监督管理委员会,state
601858,中国科技出版传媒集团有限公司,private
601860,,no_controller
601865,"阮洪良,阮泽云,姜瑾华,赵晓非",private
601866,国务院国有资产监督管理委员会,state
601868,国务院国有资产监督管理委员会,state
601869,,no_controller
601872,国务院国有资产监督管理委员会,state
601877,南存辉,private
601878,浙江省交通投资集团有限公司,private
601880,大连市国有资产监督管理委员会,state
601881,中央汇金投资有限责任公司,private
601882,"张静章,张剑鸣,张静来,钱耀恩",private
601886,"刘载望,富海霞",private
601888,国务院国有资产监督管理委员会,state
601890,"陶安祥,施建华,陶兴,陶媛",private
601898,国务院国有资产监督管理委员会,state
601899,福建省上杭县国资委,state
601900,广东省人民政府,state
601901,北京大学,private
601908,"范朝霞,冯焕培",private
601916,,no_controller
601918,国务院国有资产监督管理委员会,state
601919,国务院国有资产监督管理委员会,state
601921,浙江省人民政府,state
601928,江苏省人民政府,state
601929,吉林省财政厅,private
601933,"张轩松,张轩宁",private
601939,,no_controller
601949,中国出版集团公司,private
601952,江苏省国有资产监督管理委员会,state
601956,,no_controller
601958,陕西省人民政府国有资产监督管理委员会,state
601963,,no_controller
601965,国务院国有资产监督管理委员会,state
601966,"王希成,王锋,王琳,张光英",private
601968,宝钢集团有限公司,private
601969,郭广昌,private
601975,国务院国有资产监督管理委员会,state
601985,中国核工业集团公司,private
601988,,no_controller
601990,南京市人民政府国有资产监督管理委员会,state
601991,国务院国有资产监督管理委员会,state
601992,北京市人民政府国有资产监督管理委员会,state
601995,,no_controller
601996,刘一川,private
601997,,no_controller
601998,中华人民共和国财政部,private
601999,辽宁省人民政府,state
603000,人民日报社,private
603001,王振滔,private
603002,"王文洋,Grace Tsu Han Wong",private
603004,"孙斯薇,周菡语",private
603005,,no_controller
603006,"徐涛明,吉蔚娣",private
603007,肖国强,private
603008,陈阿裕,private
603009,靳坤,private
603010,"高献国,高峰,高强,郑国富,高远夏",private
603011,严建文,private
603012,石华辉,private
603013,国家开发投资公司,private
603014,陈学利,private
603015,"周珊珊,熊钰麟",private
603016,"赵汉新,赵敏海",private
603017,冯正功,private
603018,,no_controller
603019,中国科学院计算技术研究所,private
603020,魏中浩,private
603021,"张德华,张刚",private
603022,曹文洁,private
603023,陈振华,private
603025,北京市国有资产监督管理委员会,state
603026,中国石油大学(华东),private
603027,伍超群,private
603028,崔志强,private
603029,山东省供销合作社,private
603030,朱斌,private
603031,陈学高,private
603032,胡成中,private
603033,"叶继跃,张桂玉",private
603035,"罗小春,王卫清",private
603036,,no_controller
603037,"杨颖韬,杨建刚,李建星,刘仁山,侯瑞宏,高丽",private
603038,"谭洪汝,谢劭庄",private
603039,韦利东,private
603040,"徐纳,胡欣",private
603041,黄冠雄,private
603042,胥爱民,private
603043,广州市人民政府国有资产监督管理委员会,state
603045,王达武,private
603048,"俞黎明,郑晓敏",private
603049,"仇建平,仇菲",private
603050,"张成锁,李砚如,屈国旺,邱士勇,董彩宏",private
603051,"汪加胜,韩丽娜",private
603052,"朱春华,施惠庆",private
603053,成都市国有资产监督管理委员会,state
603055,"施秀幼,施清岛",private
603057,"钟勤川,钟怀军,钟勤沁,邓惠玲,戈吴超",private
603058,"邓代兴,邓维加",private
603059,张文生,private
603060,中国建筑材料集团有限公司,private
603061,"崔学峰,龙波",private
603062,"黄雁夷,罗永键",private
603063,"韩玉,盛小军,夏泉波,柳国英",private
603065,"项瞻波,王小红",private
603066,金跃跃,private
603067,蔡再华,private
603068,"Pengfei Zhang,Dawei Guo",private
603069,海南省政府国有资产监督管理委员会,state
603070,"木晓东,木信德,林道益,木林森",private
603071,浙江省人民政府国有资产监督管理委员会,state
603072,"袁文杰,袁擘,袁易",private
603073,"施建明,施屹",private
603075,"张伟,楼冠良,吕越斌",private
603076,"赖云来,黄粤宁",private
603077,贺正刚,private
603078,殷福华,private
603079,洪爱,private
603080,赵安林,private
603081,"丰华,王小红,丰嘉敏,丰嘉隆",private
603082,国务院国有资产监督管理委员会,state
603083,Gerald G Wong,private
603085,"陈邦锐,许筱荷",private
603086,王现全,private
603087,甘忠如,private
603088,"郑良才,郑功,徐俭芬",private
603089,"郑连松,郑连平,郑念辉",private
603090,"钮玉霞,钮法清",private
603091,滕步彬,private
603092,"刘建国,孔金凤",private
603093,横店社团经济企业联合会,private
603095,"孙剑华,孙文娟,孙建萍,王伟良,马红光,王君垚,韩明海",private
603096,"陈明俊,陈李平",private
603097,张孝金,private
603098,"刘爱森,李桂茹",private
603099,吉林省长白山保护开发区管理委员会,private
603100,重庆市国有资产监督管理委员会,state
603101,潘锦海,private
603102,刘新力,private
603103,横店社团经济企业联合会,private
603105,"张利忠,张文娟,张震豪",private
603106,江浩然,private
603107,北蔡镇人民政府,state
603108,"朱文怡,刘辉",private
603109,艾纯,private
603110,"樊家驹,朱君斐",private
603111,,no_controller
603112,"王春翔,王渊,王晶",private
603113,"秦庆平,王咏梅",private
603115,"严季新,施克俭",private
603116,钱金波,private
603117,黄保忠,private
603118,"唐佛南,汪大维",private
603119,"葛泰荣,曹梅盛",private
603120,"项飞勇,郭燕平",private
603121,吴怀磊,private
603122,,no_controller
603123,北京翠微集团,private
603124,"徐上金,钱芬妹",private
603125,"金连琴,孙秋新,孙杰",private
603126,中国中材集团有限公司,private
603127,"冯宇霞,周志文",private
603128,国务院国有资产监督管理委员会,state
603129,赖国贵,private
603130,叶福忠,private
603131,"舒宏瑞,舒振宇,缪莉萍",private
603132,李明,private
603135,"马冰冰,谷峰兰",private
603136,孟广才,private
603137,"周祖庆,周祖伟",private
603138,"朱华威,陈志敏",private
603139,王延岭,private
603150,时乾中,private
603151,王由成,private
603153,上海市国有资产监督管理委员会,state
603155,"初琳,初亚贤,初亚军",private
603156,姚奎章,private
603158,"蒋学真,董晓燕",private
603159,"谢亚明,谢悦",private
603160,张帆,private
603161,"陈洪民,陈小科",private
603162,曾而斌,private
603163,,no_controller
603165,"冯荣华,张云芳",private
603166,黎福超,private
603167,辽宁省国资委,state
603168,陈德康,private
603169,甘肃省国有资产监督管理委员会,state
603170,"马驹,胡珊,周琦,沈淋涛",private
603171,张镇潮,private
603172,"俞杏英,俞啸天",private
603173,"葛浩俊,葛浩华,葛水福",private
603175,,no_controller
603176,"张忠强,张忠山,张籍文,张中奎",private
603177,"金猛,黄浙燕",private
603178,"罗玉龙,罗力成,陈雅卿",private
603179,"唐志华,唐敖齐",private
603180,"温建怀,潘孝贞",private
603181,"王伟松,马荣芬",private
603182,"吴洪祥,黄瑞华,李广庆,贾辉,高泽林,张效伟",private
603183,"吴小翔,王惠明,黄春生,吴其超",private
603185,"杨建良,杭虹",private
603186,汪力成,private
603187,邵伟,private
603188,"许小初,许旭东",private
603189,蒋宏业,private
603190,"焦召明,焦扬帆,焦显阳",private
603191,"杨泽民,秦惠兰",private
603192,"钱建中,颜群",private
603193,"赵贵钦,鲍松娟",private
603194,何金辉,private
603195,"阮学平,阮立平",private
603196,"王卫东,曲江亭",private
603197,"陈洪凌,张祖秋,宋瑾",private
603198,倪永培,private
603199,九华山风景区国有资产管理委员会,state
603200,"王炜,翁晖岚",private
603201,JUN JI,private
603202,"王文博,吕冬芳",private
603203,"金春,戚国强",private
603205,陈国平,private
603206,"宗琰,秦卫忠",private
603207,"方之光,鲁爱萍",private
603208,吴水根,private
603209,"陈兴明,陈其龙,陈其凤,陈其德",private
603210,"应正才,应灵敏",private
603211,"张东,何文英",private
603212,"吴小平,吴平平",private
603213,浙江省人民政府国有资产监督管理委员会,state
603214,"施琼,莫锐强,董勤存,戚继伟",private
603215,闻继望,private
603216,"余静渊,范小珍",private
603217,刘修华,private
603218,"傅明康,傅凌儿,陈建敏",private
603219,王跃旦,private
603220,"李六兵,梅漫",private
603221,"宋锦程,宋正兴",private
603222,"李仙玉,张雪琴,李慧慧,李丽莎,别涌,田云飞",private
603223,刘振东,private
603225,庄奎龙,private
603226,丁福如,private
603227,新疆维吾尔自治区人民政府国有资产监督管理委员会,state
603228,"刘绍柏,卓军,黄小芬,赖以明",private
603229,郑志国,private
603230,内蒙古自治区人民政府,state
603231,刘季善,private
603232,"孔令钢,陆海天",private
603233,"柯云峰,柯金龙,柯康保",private
603235,"许江南,许晶",private
603236,钱鹏鹤,private
603237,"厉建平,厉昊嘉",private
603238,任建华,private
603239,李起富,private
603248,"王荣正,陆燕云",private
603255,张再明,private
603256,"Grace Tsu Han Wong,王文洋",private
603257,,no_controller
603258,"胡建平,陈芳,胡玉彪,余晓亮,林清源",private
603259,"Ge Li,Ning Zhao,刘晓钟,张朝晖",private
603260,罗立国,private
603261,刘随阳,private
603262,"龙玲,周京石",private
603266,"张秀君,胡建立",private
603267,郑红,private
603268,"林道藩,陆巧秀",private
603269,"金敖大,吴祝平",private
603270,"郑广会,赵秀华",private
603271,"沈建国,王旭曙",private
603272,卜晓华,private
603273,"吴逸中,何清华",private
603275,张建军,private
603276,"张千,张剑彬,石红娟,吴叶",private
603277,周俊杰,private
603278,"窦勇,窦宝森",private
603279,姜桂廷,private
603280,"方庆熙,陈桂华,方凯",private
603281,"甘书官,甘俊",private
603282,陈国华,private
603283,"孙丰,曾慧",private
603284,李建设,private
603285,朱剑波,private
603286,"是蓉珠,陆鹏",private
603288,"庞康,程雪,黎旭晖,叶燕桥,廖少层,黄文彪,吴振兴,陈军阳",private
603289,"郑建国,何英",private
603290,"沈华,胡畏",private
603291,"晋琰,俞伟景",private
603293,陈泽坚,private
603296,邱文生,private
603297,曹其东,private
603298,仇建平,private
603299,江苏省人民政府国有资产监督管理委员会,state
603300,"胡丹锋,应大成",private
603301,"鲁建国,沈振芳",private
603303,横店社团经济企业联合会,private
603305,徐旭东,private
603306,"王雅筠,赖敏聪,赖方静静,赖嘉慧",private
603307,林明稳,private
603308,杜应流,private
603309,向彬,private
603310,"吴江伟,吴顺华",private
603311,"丁宏广,丁梅英",private
603312,"SHENG JIAN HUA,PAN SHU XIN",private
603313,倪张根,private
603315,"吕世平,吴迪",private
603316,方利强,private
603317,"邓文,唐璐",private
603318,谢冰,private
603319,许仲秋,private
603320,"吴建荣,吴储正",private
603321,"钱雪林,钱雪根",private
603322,梁建华,private
603323,,no_controller
603324,"张伟明,汪哲",private
603325,"张玲珑,彭云华,林凯,林慧,刘昶林,陈俊,梁庆",private
603326,"缪妍缇,汪春俊",private
603327,福建省国有资产监督管理委员会,state
603328,"李铭浚,李永胜,李永强",private
603329,孙望平,private
603330,李哲龙,private
603331,"施小友,阮吉林,张启春,张启斌",private
603332,席文杰,private
603333,李广元,private
603334,平原,private
603335,"Sindy Yi Min Zhao,赵瑞贞,罗洁",private
603336,"黄俊辉,郑幼文",private
603337,"管娇芬,阮积祥,罗玉香,胡彩芳,阮积明,阮福德",private
603338,许树根,private
603339,黄杰,private
603341,杜军红,private
603344,朱云舫,private
603345,章高路,private
603348,"唐杰雄,唐杰邦",private
603350,"卓达,黄洪岳",private
603351,"吴仁荣,高正松,陈新国",private
603352,"陈志宇,敬兵",private
603353,"赵忠,晏喜明,赵尊铭",private
603355,倪祖根,private
603356,"黄业华,马息萍,黄超",private
603357,安徽省国有资产监督管理委员会,state
603358,陈竞宏,private
603359,"席惠明,浦建芬",private
603360,"刘宪武,王文锋",private
603363,吴有林,private
603365,李裕杰,private
603366,徐新建,private
603367,杜振新,private
603368,朱朝阳,private
603369,江苏省涟水县人民政府,state
603370,"郭云蓉,郭婉蓉,郭正平,吴翠娣",private
603373,浙江省人民政府国有资产监督管理委员会,state
603375,"张永刚,殷婷",private
603376,"周明明,吴贤微,周远",private
603377,徐雄,private
603378,李金钟,private
603379,胡荣达,private
603380,钱新栋,private
603381,"汪献利,邵东芳",private
603382,"陆信才,陈建新,沈家广,季士标,吉增明,茆太如",private
603383,严孟宇,private
603385,"王惠文,王彦庆,董化忠,王彦伟",private
603386,叶晓彬,private
603387,苏恩本,private
603389,"高伟,高银楠,户美云",private
603390,"邢映彪,陈丽娜",private
603391,何俊南,private
603392,钟睒睒,private
603393,明再远,private
603395,国务院国有资产监督管理委员会,state
603396,"李义升,杨延",private
603398,"吴锭辉,吴锭延,吴玉娜,吴玉霞",private
603399,"郭光华,秦丽婧",private
603400,陆亚洲,private
603402,陕西省人民政府国有资产监督管理委员会,state
603406,"朱大庆,陈慧",private
603407,"刘其永,刘策",private
603408,"吕理镇,吕学燕,文国良,范资里,朱玉娇,林瑶欣,周政宏,周武忠,李相如,林瑶俐,林瑶瑄,林绍明,周芯妤,文馨,文羽菁",private
603409,陈王保,private
603416,李新,private
603418,"罗世兵,金丽燕",private
603421,"曾繁忆,王建华",private
603429,徐善水,private
603435,"黄炎煌,黄泽忠",private
603439,张海,private
603444,卢竑岩,private
603456,"花轩德,花莉蓉,花晓慧",private
603458,,no_controller
603459,叶森然,private
603466,"辛浩鹰,李晖",private
603468,"赵丽琴,辛建生",private
603477,贺正刚,private
603486,钱东奇,private
603488,"金培荣,奚方,丁煜,常呈建,杨一农",private
603489,王清华,private
603496,"沈振宇,胡德勇,王翔",private
603499,董建军,private
603500,"汤友钱,汤文鸣,汤娇,汤啸,汤秋娟,鲍晓华,范淑贞",private
603501,虞仁荣,private
603505,王锦华,private
603506,韩芳,private
603507,"胡震,卜春华",private
603508,"郭洁,王卫平,李欣",private
603511,张荣明,private
603515,"马秀慧,王耀海",private
603516,何仕达,private
603517,戴文军,private
603518,"王致勤,宋艳俊",private
603519,卢凤仙,private
603520,"胡锦生,胡健",private
603527,"封全虎,周丽",private
603528,章安强,private
603529,张剑,private
603530,"马斌,陈小琴",private
603533,"张凌云,成湘均",private
603535,"段容文,黄艳婷,黄平,黄艳芸",private
603536,"惠增玉,赵宏宇",private
603538,姚成志,private
603551,"方胜康,Fang James",private
603556,"周良璋,李小青",private
603557,章利民,private
603558,张茂义,private
603559,"王世超,唐志元,李春田,李全林,张显坤,王振刚,张建民,田国华,于生祥,孟奇",private
603565,卢宗俊,private
603566,张许科,private
603567,"方同华,辛德丽",private
603568,"项光明,朱善玉,朱善银,王素勤",private
603569,"薄世久,李桂屏",private
603577,"刘艳华,刘锋",private
603578,"杨敏,杨阿永",private
603579,"林琪,林光荣",private
603580,"涂木林,蔡瑞美",private
603583,胡仁昌,private
603585,缪金凤,private
603586,孙忠义,private
603587,马瑞敏,private
603588,李卫国,private
603589,"徐进,刘安省",private
603590,"刘建华,王锡娟",private
603595,"沈新芳,沈晓宇",private
603596,袁永彬,private
603598,"罗衍记,蒋丽",private
603599,"黄金祥,赵启荣",private
603600,"张加勇,尚巍巍",private
603601,郭茂,private
603602,苏维锋,private
603605,侯军呈,private
603606,"夏崇耀,袁黎雨",private
603607,孙建成,private
603608,"李林,梁耀华",private
603609,金卫东,private
603610,唐国海,private
603611,丁毅,private
603612,郎光辉,private
603613,"刘泉,钱晓钧",private
603615,"陈冠宇,陈葵生,陈明生,林世福,陈福生",private
603616,北京市房山韩村河镇韩村河村经济合作社,private
603617,"张阿华,陈惠菊,张君波",private
603618,孙庆炎家族,private
603619,"朱逢学,李玉池",private
603626,"徐金根,王冬梅",private
603628,Hong Daniel,private
603629,"邵树伟,邵秋萍,邵培生,史旭平",private
603630,"吴桂谦,Laurena Wu,吴滨华",private
603633,方培教,private
603636,吴志雄,private
603637,,no_controller
603638,"冯晓鸿,宋宇轩,宋飞",private
603639,"张爱英,葛尧伦,葛家成",private
603648,上海市浦东新区国有资产监督管理委员会,state
603650,Zhang Ning,private
603655,"戚建国,范小凤",private
603656,许大红,private
603657,"陈正明,陈凯,陈弘旋,张春霞",private
603658,苗拥军,private
603659,梁丰,private
603660,陈冬根,private
603661,王江林,private
603662,柯建东,private
603663,"夏鹏,吴世平,卢庄司",private
603665,张间芳,private
603666,朱付云,private
603667,"张峰,俞越蕾",private
603668,陈庆堂,private
603669,"陶灵萍,陶灵刚",private
603676,张勇,private
603677,"汪永琪,汪兴琪,汪伟东,汪东敏",private
603678,"蔡明通,蔡劲军",private
603679,"梁熹,梁钰祥,王绍蓉",private
603680,俞金坤,private
603681,"吕新民,郭雪燕",private
603682,郁敏珺,private
603683,"周晓南,周晓东",private
603685,"何文健,魏新娟",private
603686,张桂丰,private
603687,"方吾校,方能斌,方聪艺",private
603688,陈士斌,private
603689,安徽省人民政府国有资产监督管理委员会,state
603690,蒋渊,private
603693,江苏省人民政府,state
603696,林肖芳,private
603697,"鹿有忠,赵英,鹿新",private
603698,中国航天科技集团公司,state
603699,"程章文,席超,陆斌,王保庆",private
603700,"张世豪,王宗辉,徐云,王开拓,赵绍满",private
603701,"张元园,张宏保",private
603703,"叶利明,徐凤娟",private
603706,李明,private
603707,"谢菊华,唐咏群",private
603708,王培桓,private
603709,"曹勇,胡林福",private
603711,"蒋建琪,陆家华",private
603712,天津市国有资产监督管理委员会,state
603713,"慎蕾,陈银河,李仁莉",private
603716,温伟,private
603717,"罗卫国,史东伟",private
603718,张海明,private
603719,"杨红春,杨银芬,张国强,潘继红",private
603721,长沙广播电视集团,private
603722,"朱学军,崔小丽",private
603725,吴启超,private
603726,高炎康,private
603727,彭文成,private
603728,常建鸣,private
603729,"段佩璋,方小琴",private
603730,"姜银台,姜明",private
603733,"王敏岚,王敏强,王敏良,王明龙",private
603737,洪杰,private
603738,喻信东,private
603739,"黄炳亮,张效成",private
603755,张华君,private
603757,"王国良,韩元富,韩元平,徐伟建,韩元再",private
603758,YUANMING TANG,private
603759,费功全,private
603766,涂建华,private
603767,"吴江,吴良行",private
603768,"吴应宏,朱慧娟",private
603773,易伟华,private
603776,孙继胜,private
603777,"施永雷,郁瑞芬,施辉",private
603778,"杨静,回全福",private
603779,王珍海,private
603786,"柯桂华,柯炳华",private
603787,"张崇舜,陈玉英",private
603788,"钱高法,钱国年,钱国耀",private
603789,"章沈强,钱菊花",private
603790,"谢兵,顾喆栋",private
603797,"黄建勲,黄婉茹,黄振达",private
603798,"朱梅珍,朱振华",private
603799,"谢伟通,陈雪华",private
603800,舒志高,private
603801,"孙志勇,许帮顺",private
603803,"朱春城,高磊,任建宏,李月杰,王剑铭,冯雪松",private
603806,林建华,private
603808,"夏国新,胡咏梅",private
603809,"向朝东,徐应超,向星星,杜庭强,向朝明",private
603810,"殷凤山,殷平",private
603811,颜贻意,private
603813,余军,private
603815,俞发祥,private
603816,"顾江生,顾玉华,王火仙",private
603817,福州市人民政府国有资产监督管理委员会,state
603818,"赵瑞海,赵瑞宾",private
603819,陈忠渭,private
603822,沈健,private
603823,陈立荣,private
603825,苏同,private
603826,谢秉昆,private
603828,"顾益明,顾敏荣,顾龙棣",private
603829,"谈行,臧文明,汤其敏,谈建平,陈明",private
603833,姚良松,private
603836,唐海,private
603838,"蔡镇城,李维香,蔡镇茂,蔡镇锋,蔡镇通",private
603839,郑安政,private
603843,"金生光,金生辉,李建莉",private
603848,"沈汉标,王妙玉",private
603855,胡志荣,private
603856,倪立营,private
603858,赵涛,private
603859,"祖军,赵岚,于胜涛",private
603860,交通运输部公路科学研究所,private
603861,"胡明森,胡明聪,胡明高,胡明光,胡合意",private
603863,"王壮鹏,王壮加",private
603866,"吴学群,吴志刚,吴学亮,盛雅莉",private
603867,,no_controller
603868,李丐腾,private
603869,王玉锁,private
603871,"韩景华,孟联",private
603876,"周贤海,王小丽",private
603877,"张江平,张江波",private
603878,"朱国良,朱琦,顾坚勤,沈卫强",private
603879,"傅文昌,付文英,付水法,付秀珍",private
603880,李平,private
603881,上海市闸北区国有资产监督管理委员会,state
603882,梁耀铭,private
603883,"EQT Greater China II Limited,谢子龙,陈秀兰",private
603885,王均金,private
603886,张秀琬,private
603887,"谢晓东,卢静芳",private
603888,新华通讯社,private
603889,沈建华,private
603890,薛革文,private
603893,"励民,黄旭",private
603895,荣俊林,private
603896,"李明焱,朱惠照,李振皓,李振宇",private
603897,顾林祥,private
603898,"沈汉标,王妙玉",private
603899,"陈湖文,陈湖雄,陈雪玲",private
603900,"沈东军,马峻,蔄毅泽",private
603901,"吕婕,罗邦毅",private
603903,许国栋,private
603906,"石俊峰,朱香兰",private
603908,"陆暾华,陆暾峰",private
603909,"黄和宾,何大喜,刘德全,陈天培,林东明,陈俊平,黄爱平,高玮琳",private
603912,何根林,private
603915,"徐彬,徐国忠,沈惠萍",private
603916,"缪昌文,刘加平,张建雄",private
603917,"施良才,樊开曙,施元直,樊开源,施定威,蔡振贤,贺朝阳",private
603918,金国培,private
603919,李明,private
603920,佘英杰,private
603922,"洪健程,洪伟涵,洪建沧",private
603926,"张智林,张婷",private
603927,中国科学院软件研究所,private
603928,"王进兴,王泉兴,沈根珍,曹连英",private
603929,"姚祖骧,赵玉华",private
603931,"黄招有,蒋慧儿,俞国祥,徐华,蔡江瑞,胡永强,陈浙",private
603933,杨维坚,private
603936,"徐缓,谢小梅",private
603937,"蔡征国,蔡红",private
603938,孙任靖,private
603939,高毅,private
603948,冯烈,private
603949,"贺财霖,贺频艳,贺群艳",private
603950,李佐元,private
603955,"栾剑洪,范荷娣",private
603956,"李纪玺,孙海玲",private
603958,"陈玉珍,吴珍芳,陈玉荣,陈玉芳,陈玉兴",private
603959,"王海荣,王立言",private
603960,"谈士力,陈久康",private
603966,"金红萍,陶峰华",private
603967,"李松青,葛言华,谢立军",private
603968,"顾清泉,庆九,丁彩峰,帅建新,薛金全,钱进",private
603969,"谢铁桥,谢铁根",private
603970,中华全国供销合作总社,private
603976,邓勇,private
603977,江西省国防科学技术工业办公室,private
603978,陈学敏,private
603979,"王先成,王慈成,王友成,王意成,王亦成",private
603980,"邵伯金,徐建初",private
603982,潘龙泉,private
603983,"孙怀庆,王晓蒲",private
603985,承立新,private
603986,朱一明,private
603987,"张宪淼,郑爱平,张伟",private
603988,"王建裕,王建凯,王盘荣",private
603989,"艾立华,王安安",private
603990,翁康,private
603991,侯海良,private
603992,"周华松,吴文利",private
603993,洛阳市人民政府国有资产监督管理委员会,state
603995,"虞纪群,曹佩凤",private
603997,"邬碧峰,王继民,王义平",private
603998,张庆华,private
603999,甘肃省人民政府,state
605001,"宿青燕,孙汉本,孙继龙",private
605003,"杨林山,马建芬",private
605005,陈文葆,private
605006,山东省人民政府国有资产监督管理委员会,state
605007,"赵磊,赵晨佳,赵云福,林彩玲",private
605008,陶春风,private
605009,"李志彪,朱威莉,李诗源",private
605011,杭州市人民政府,state
605016,"窦宝德,窦光朋",private
605018,"王长土,王庆",private
605020,"童建国,童嘉成",private
605028,"李立峰,李象高,周巧娟,李春华,郑建红,李思铭",private
605033,"张少武,张秋芳,张通",private
605050,"崔建华,崔建兵",private
605055,"傅双利,马颖波",private
605056,王来兴,private
605058,杨九红,private
605060,"孙袁,朱晴华",private
605066,高天乐,private
605068,庄君新,private
605069,张熠君,private
605077,"陈德水,程新平,徐小荣,余建明",private
605080,"夏永辉,陈甜敏",private
605086,福建省龙岩市人民政府国有资产监督管理委员会,state
605088,周家儒,private
605089,夏靖,private
605090,"张建国,蔡丽红",private
605098,"李践,赵颖",private
605099,王强翔,private
605100,"徐华东,CHUI LAP LAM",private
605108,"沈基水,吕月珍",private
605111,朱袁正,private
605116,彭志恩,private
605117,张和君,private
605118,"吴富宝,吴泓越",private
605122,"李德志,张理兰",private
605123,"宗丽萍,是玉丰",private
605128,周建清,private
605133,"朱迎晖,夏诚亮",private
605136,黄韬,private
605138,徐磊,private
605151,"曹抗美,吴建良,陈德兴,卜晓明,戴华淼,江华,宋建明",private
605155,"柳庆华,王月红",private
605158,"邵明祥,邵升龙",private
605162,"谢百军,谢迅",private
605166,傅昌宝,private
605167,"沈翾,沈斌强",private
605168,钱俊冬,private
605169,"刘洪兵,谭素清",private
605177,"池正明,池骋",private
605178,宫殿海,private
605179,"朱明春,李美香,朱立科,朱立群,李红艳",private
605180,"蒋瑜慧,蒋生华,王明珍",private
605183,阙伟东,private
605186,戴建伟,private
605188,"胡金根,蒋淑兰,胡志超,胡智敏,胡春香",private
605189,何培富,private
605196,"张文勇,张文东,张书军,张宝龙",private
605198,"王安,王萌",private
605199,"刘景萍,汤旭东",private
605208,"徐宏,徐娅芝,徐文磊,周秋玲",private
605218,渡边庸一,private
605222,"周供华,周桂华,周桂幸",private
605228,"方立锋,陈小燕",private
605255,"尤建义,王国红",private
605258,"张南国,张敏金,张建荣,张南星",private
605259,罗昌国,private
605266,"蓝波,舒畅",private
605268,"王跃斌,陈晓君,王琛",private
605277,赵战兵,private
605286,"李国平,李腊琴,李铮,李静",private
605287,叶德才,private
605288,"周殊程,周荣清,周林玉",private
605289,孙建鸣,private
605296,"何祖训,何乔关,何宝见,何月斌",private
605298,"王坚群,刘英",private
605299,张维建,private
605300,"柳新荣,唐正青",private
605303,吴光洪,private
605305,刘志欣,private
605318,"沈正华,王雪娟",private
605319,"钱犇,钱金祥",private
605333,"成三荣,金成成",private
605336,"邵于佶,商若云,邵贤庆",private
605337,"李国平,王旭斌",private
605338,"刘会平,丁仕梅",private
605339,"陈飞鹏,陈飞龙,陈正文,陈怡文",private
605358,王敏文,private
605365,"李江淮,米莉",private
605366,"纪金树,林庆松,杨荣坤",private
605368,李新华,private
605369,"施慧勇,施依贝",private
605376,王利平,private
605377,"钭江浩,钭正良",private
605378,"余元康,陈恩乐,陈一军,余谷峰,余谷涌,陈科军",private
605388,王均金,private
605389,"夏继发,夏泽民",private
605398,"孙正暘,孙正晗,孙星炎",private
605399,"丁建峰,虞丹鹤,丁冰,丁洁,梁秋鸿",private
605488,夏厚君,private
605499,林木勤,private
605500,"林启军,林启群,林加连,林启法",private
605507,"邱家军,陈晶晶",private
605555,"黄裕昌,张利英",private
605566,"李百春,李春卫",private
605567,郑维新,private
605577,黑龙江省财政厅,private
605580,"余国旭,杜顺仙,余恒,余杜康",private
605588,张建巍,private
605589,"唐一林,唐地源",private
605598,"徐士龙,徐望",private
605599,北京市西城区人民政府国有资产监督管理委员会,state
688001,"陈文源,张茜",private
688002,马宏,private
688003,徐一华,private
688004,"孙传明,郭忠武",private
688005,白厚善,private
688006,曹骥,private
688007,李屹,private
688008,,no_controller
688009,国务院国有资产监督管理委员会,state
688010,何文波,private
688011,"康为民,康立新",private
688012,,no_controller
688013,"陈望宇,陈望东",private
688015,,no_controller
688016,,no_controller
688017,"左昱昱,左晶",private
688018,TEO SWEE ANN,private
688019,,no_controller
688020,"胡云连,苏陟,李冬梅",private
688021,"潘吉庆,于发明,王建忠",private
688022,蔡昌蔚,private
688023,范渊,private
688025,黄治家,private
688026,"袁建华,袁晔",private
688027,"中科大资产经营有限责任公司,程大涛,柳志伟,彭承志,费革胜,冯辉,于晓风",private
688028,"陈继锋,杨诺",private
688029,,no_controller
688030,,no_controller
688031,孙元浩,private
688032,邵建雄,private
688033,吴佩芳,private
688035,"解海华,林国成,王建斌,陈田安,陈昕",private
688036,竺兆江,private
688037,,no_controller
688038,王开学,private
688039,孙彦龙,private
688041,,no_controller
688045,谢朋村,private
688046,高翔,private
688047,"胡伟武,晋红",private
688048,,no_controller
688049,"LO, CHI TAK LEWIS,叶奕廷,徐莉莉,叶佳纹,叶怡辰,陈淑玲,叶妍希,叶柏君,叶明翰,叶韦希,叶博任",private
688050,解江冰,private
688051,"李玮,王倩",private
688052,"盛云,王升杨,王一峰",private
688053,张亚,private
688055,昆山市政府国有资产监督管理办公室,state
688056,胡克,private
688057,廖志民,private
688058,易存道,private
688059,"肖旭凯,高颖,王玉琴",private
688060,"高南,焦扶危",private
688061,"罗立权,罗杰",private
688062,"唐春山,陈姗娜",private
688063,,no_controller
688065,XIUCAI LIU,private
688066,"张燕,王宇翔",private
688067,丁建文,private
688068,林长青,private
688069,胡明明,private
688070,任斌,private
688071,励寅,private
688072,,no_controller
688073,"戴岚,戴龙",private
688075,"凌世生,姜学英",private
688076,"赵德中,赵德毅",private
688077,"熊永飞,曹庆香",private
688078,毛善君,private
688079,葛文志,private
688080,"李明,李红雨",private
688081,程家明,private
688082,HUI WANG,private
688083,"杜玉林,李红",private
688084,陈波,private
688085,"徐农,刘明岩,范湘龙",private
688087,刘方毅,private
688088,"Hui Deng,Liuhong Yang",private
688089,易德伟,private
688090,孙志强,private
688091,周劲松,private
688092,"方小卫,方云科,徐帷红",private
688093,"计建荣,顾正青,吕刚,蔡惠娟,蒯丽丽",private
688095,熊雨前,private
688096,"和丽,李武林",private
688097,"吕绍林,程彩霞",private
688098,"杨玉芳,杨从州,王东亮,聂东升",private
688099,"John Zhong,Yeeping Chen Zhong",private
688100,"吉为,吉喆",private
688101,"蓝伟光,陈霓",private
688102,王文斌,private
688103,尹剑平,private
688105,"曹林,段颖",private
688106,"金建萍,金向华",private
688107,,no_controller
688108,孙箭华,private
688109,莫绪军,private
688110,蒋学明,private
688111,雷军,private
688112,"秦轲,邵海涛,赵亚锋",private
688113,赵爱国,private
688114,汪建,private
688115,周茂林,private
688116,"郑涛,严燕,张美杰,蔡永略,叶亚文",private
688117,"文永均,马兰文",private
688118,刘亚东,private
688119,国务院国有资产监督管理委员会,state
688120,清华大学,private
688121,"张锦红,张新宇",private
688122,陕西省财政厅,private
688123,陈作涛,private
688125,"刘飞,何玉姣",private
688126,,no_controller
688127,徐云明,private
688128,国务院国有资产监督管理委员会,state
688129,"朱忠敏,朱轶颖",private
688130,"吕汉泉,罗洛仪",private
688131,"郑保富,高强",private
688132,祝国胜,private
688133,"谢应波,王靖宇,张庆,张华,许峰源,张维燕",private
688135,黄江,private
688136,邓学勤,private
688137,朱化星,private
688138,唐翔千,private
688139,海尔集团公司,private
688141,"ZHOU XUN WEI,黄必亮",private
688143,皮亚斌,private
688146,国务院国有资产监督管理委员会,state
688147,"王磊,倪亚兰,王燕清",private
688148,"罗爱平,吴芳",private
688150,王亚龙,private
688151,国务院国有资产监督管理委员会,state
688152,杨涛,private
688153,高晗,private
688155,"王颖琳,潘延庆",private
688156,季光明,private
688157,凌云剑,private
688158,"季昕华,华琨,莫显峰",private
688159,王慷,private
688160,唐咚,private
688161,陈学利,private
688162,"刘蕾,林巨广",private
688163,"赵爱仙,范志和,范铁炯",private
688165,芜湖市国有资产监督管理委员会,state
688166,"袁建栋,钟伟芳",private
688167,刘兴胜,private
688168,钟竹,private
688169,昌敬,private
688170,赵裕兴,private
688171,尹健,private
688172,北京国有资本运营管理有限公司,state
688173,"戴祖渝,唐娅,陶海",private
688175,胡云林,private
688176,PAN KE,private
688177,"易良昱,易贤忠,关玉婵",private
688178,刘军,private
688179,"徐久振,招立萍",private
688180,"熊凤祥,熊俊",private
688181,赵雷,private
688182,"朱田中,朱汇,朱琦",private
688183,,no_controller
688184,"王振宇,张宝",private
688185,"朱涛,Xuefeng YU,Dongxu QIU,Helen Huihua MAO",private
688186,"徐卫明,徐晓辉",private
688187,国务院国有资产监督管理委员会,state
688188,"唐晔,代田田,卢琳,万章,谢淼",private
688189,湖南省人民政府国有资产监督管理委员会,state
688190,国务院国有资产监督管理委员会,state
688191,"刘国永,聂树刚,赵砚青",private
688192,,no_controller
688193,居金良,private
688195,"余洪瑞,王启平",private
688196,"叶活动,罗春妹",private
688197,李文军,private
688198,"金磊,李凤玲",private
688199,赵国锋,private
688200,"孙铣,王皓,孙镪,王晓强,付卫东,徐捷爽,蔡琳,周鹏",private
688201,"李伟,王翊心,丁纯",private
688202,"陈金章,陈建煌,CHUN-LIN CHEN",private
688203,台州市椒江区人民政府,state
688205,"桂桑,渠建平,张劭",private
688206,LIU ZHIHONG,private
688207,赵勇,private
688208,李红京,private
688209,黄洪伟,private
688210,杨虎,private
688211,李功燕,private
688212,"顾小舟,顾康",private
688213,徐辰,private
688215,袁峰,private
688216,"梁大钟,白瑛",private
688217,"熊慧,熊钧,高尚先,高泽",private
688218,朱振友,private
688219,何倩嫦,private
688220,戴保家,private
688221,谢东,private
688222,李进,private
688223,"李仙德,陈康平,李仙华",private
688225,田溯宁,private
688226,"蒋文功,蒋政达",private
688227,"黄海,刘忻,周静",private
688228,汪敏,private
688229,李凯,private
688230,欧新华,private
688231,"浦益龙,虞建芬,浦迅瑜",private
688232,,no_controller
688233,,no_controller
688234,宗艳民,private
688235,,no_controller
688236,"史春宝,岳术俊",private
688237,"李羿含,李光平,王春晓",private
688238,潘讴东,private
688239,,no_controller
688244,"蔡晶晶,陈俊",private
688246,夏军,private
688247,上海市国有资产监督管理委员会,state
688248,国务院国有资产监督管理委员会,state
688249,合肥市人民政府国有资产监督管理委员会,state
688251,"姚志坚,阮郭静",private
688252,,no_controller
688253,"叶逢光,张秀杰",private
688255,"王仕凯,王国栋,王金,王三友",private
688256,陈天石,private
688257,吴何洪,private
688258,"王烨,谢乾",private
688259,谭耀龙,private
688260,王宾,private
688261,"王鹏飞,龚轶",private
688262,"郑茳,肖佐楠,匡启和",private
688265,"费俭,王明俊,匡颖",private
688266,"盛泽林,陆惠萍",private
688267,"李进,刘颐静",private
688268,"石平湘,石思慧",private
688269,陕西省财政厅,private
688270,郁发新,private
688271,薛敏,private
688272,黄富元,private
688273,"杨瑞嘉,史志怀",private
688275,"刘世琦,李菲",private
688276,长春新区国有资产监督管理委员会,state
688277,张送根,private
688278,"杨英,孙黎,兰春",private
688279,"毕磊,毕超,高帅",private
688280,余平,private
688281,折生阳,private
688282,"汪渤,缪玲娟,董明杰,沈军,石永生,高志峰,崔燕",private
688283,张吉林,private
688285,中华人民共和国国务院国有资产监督管理委员会,state
688286,"李刚,胡维,梅嘉欣",private
688288,何军强,private
688289,戴立忠,private
688290,来建良,private
688291,"马会文,吕文杰,程鹏,邱勇",private
688292,"张跃,雷振明",private
688293,"肖志华,贺芸芬",private
688295,中国建材集团有限公司,private
688296,郭军,private
688297,国务院国有资产监督管理委员会,state
688298,"方效良,方剑秋,方炳良",private
688299,金亚东,private
688300,李晓冬,private
688301,"Tieer Gu,杨伟振,曹红光,Chengbin Qiu",private
688302,"陈元伟,陈元伦",private
688303,"徐翔,徐广福",private
688305,"于德海,于本宏",private
688306,王剑峰,private
688307,张平华,private
688308,"袁美和,谭文清",private
688309,牛斌,private
688310,林军华,private
688311,向荣,private
688312,"刘燕,张国峰",private
688313,葛海泉,private
688314,胡立人,private
688315,李瑞强,private
688316,"黄允松,甘泉,林源",private
688317,邵俊斌,private
688318,黄山,private
688319,"樊绍文,樊钒",private
688320,王项彬,private
688321,XIANPING LU,private
688322,黄源浩,private
688323,,no_controller
688325,"蒋燕波,赵建华,葛伟国",private
688326,吉英存,private
688327,周曦,private
688328,黄奕宏,private
688329,张银花,private
688330,陈嘉伟,private
688331,"房健民,林健,王荔强,王旭东,邓勇,王威东,温庆凯,熊晓滨,杨敏华,魏建良",private
688332,黄志强,private
688333,"折生阳,黄卫东,薛蕾",private
688334,国务院国有资产监督管理委员会,state
688335,"黄文俊,许太明,孙卫东,李峻,吴岩",private
688336,LOU JING,private
688337,王悦,private
688338,吴仕明,private
688339,张国强,private
688343,陈宁,private
688345,"张志平,刘聪",private
688347,,no_controller
688348,"凌志敏,罗宇浩",private
688349,梁稳根,private
688350,施建刚,private
688351,微创医疗科学有限公司,private
688352,,no_controller
688353,沈锦良、沈鸣及其一致行动人,private
688355,"邱壑,吴勤芳",private
688356,XUAN ZHAO,private
688357,李建波,private
688358,"莫若理,陆坚,莫善珏",private
688359,"上官文龙,瞿承红",private
688360,卓序,private
688361,"哈承姝,陈鲁",private
688362,王顺波,private
688363,赵燕,private
688365,谭光华,private
688366,"蒋伟,游捷",private
688367,魏臻,private
688368,"胡黎强,刘洁茜",private
688369,徐石,private
688370,"宋乐平,朱龙德,邢建南",private
688371,"宗坚,赵静艳",private
688372,骈文胜,private
688373,,no_controller
688375,国务院国有资产监督管理委员会,state
688376,蒋立,private
688377,"张利,李跃玲",private
688378,"轩景泉,轩菱忆",private
688379,金李梅,private
688380,"杨勇,周彦,周飞",private
688381,"周健华,鞠建宏",private
688382,"王耀林,江岳恒,代星",private
688383,"胡新荣,宋昌宁",private
688385,,no_controller
688386,张云,private
688387,国务院国有资产监督管理委员会,state
688388,廖平元,private
688389,刘先成,private
688390,黄敏,private
688391,,no_controller
688392,周宏建,private
688393,蔡向挺,private
688395,"涂从欢,张晓光",private
688396,国务院国有资产监督管理委员会,state
688398,汪坤明,private
688399,"梁锡林,王国强,房永生",private
688400,"姚毅,杨艺",private
688401,杜武兵,private
688403,"杨会,郑瑞俊",private
688408,"蔡浩,杨雪艳",private
688409,郑广文,private
688410,"高光勇,巫艾玲",private
688411,"张剑辉,徐锐",private
688416,"XIANGDONG LU,吕轶南",private
688418,吴闽华,private
688419,"郑天勤,徐劲风,吴成胜,黄明玖,胡火根",private
688420,李太友,private
688425,国务院国有资产监督管理委员会,state
688426,王春香,private
688428,,no_controller
688429,符黎明,private
688432,方永义,private
688433,"许小曙,许多",private
688435,胡军擎,private
688439,国务院国有资产监督管理委员会,state
688443,蒋仁生,private
688448,"吴立华,吴宁晨",private
688449,方小玲,private
688450,姜明武,private
688455,龙进军,private
688456,国务院国有资产监督管理委员会,state
688458,程宝洪,private
688459,中国国家铁路集团有限公司,private
688466,张慧春,private
688468,李临,private
688469,,no_controller
688472,"瞿晓铧,张含冰",private
688475,中国电子科技集团有限公司,state
688478,李辉,private
688479,王文京,private
688480,"高伟荣,高亮云,高时会",private
688484,阮晨杰,private
688485,,no_controller
688486,陈峰,private
688488,"Jindi Wu,傅和亮",private
688489,张岳公,private
688496,高裕弟,private
688498,ZHANG XINGANG,private
688499,"周俊雄,卢家红",private
688500,赵龙,private
688501,王勇,private
688502,"范一,范浩",private
688503,刘海东,private
688505,,no_controller
688506,朱义,private
688507,陈灏,private
688508,张立新,private
688509,国务院国有资产监督管理委员会,state
688510,严奇,private
688511,巨万里,private
688512,"李阳,郭耀辉",private
688513,王颖,private
688515,"史清,欧阳宇飞",private
688516,"葛志勇,李文",private
688517,樊崇,private
688518,"韩金龙,牛增强",private
688519,"包秀银,包秀春,包秀锡,包爱芳,包秀良,包爱兰,郑广乐,黄剑克,高海",private
688520,谢良志,private
688521,,no_controller
688522,"包晓军,刘素玲",private
688523,"李完小,崔燕霞,李嘉祥",private
688525,孙成思,private
688526,"陈焕春,金梅林,何启盖,方六荣,吴斌,吴美洲,叶长发",private
688528,邵泽华,private
688529,"董德熙,张继周,赵方灏",private
688530,"文宏福,方红,文雅",private
688531,"刘骏,秦晓兰",private
688533,,no_controller
688535,"韩江龙,成兴明,陶军",private
688536,,no_controller
688538,上海市国有资产监督管理委员会,state
688539,"李维平,单磊,佘德群",private
688543,江西省国有资产监督管理委员会,state
688545,兴山县人民政府国有资产监督管理局,state
688548,广州市人民政府国有资产监督管理委员会,state
688549,,no_controller
688550,,no_controller
688551,傅仕涛,private
688552,国务院国有资产监督管理委员会,state
688553,丁兆,private
688556,张顼,private
688557,吴耀华,private
688558,"潘卫国,卫小虎",private
688559,赵盛宇,private
688560,"闫洪嘉,闫勇",private
688561,齐向东,private
688562,国务院国有资产监督管理委员会,state
688563,国务院国有资产监督管理委员会,state
688565,沈万中,private
688566,耿仲毅,private
688567,"Keith,YU WANG",private
688568,中国科学院电子学研究所,private
688569,中华人民共和国国务院,state
688570,国务院国有资产监督管理委员会,state
688571,"杭州市实业投资集团有限公司,株式会社T&K TOKA",private
688573,"杨志明,曾芳",private
688575,胡鹍辉,private
688576,"郭毅军,李代红",private
688577,"高长泉,高兆春,郭秀华",private
688578,"杜锦豪,祁菊",private
688579,山东大学,private
688580,王志愚,private
688581,张承,private
688582,,no_controller
688583,"王江峰,陈尚俭,郑俊",private
688584,,no_controller
688585,,no_controller
688586,国务院国有资产监督管理委员会,state
688588,"张宝泉,吴艳芳",private
688589,,no_controller
688590,郭玮,private
688591,王维航,private
688592,"王永泉,王昌",private
688593,肖宏,private
688595,卢国建,private
688596,"俞东雷,崔荣",private
688597,周德勤,private
688598,廖寄乔,private
688599,高纪凡,private
688600,臧牧,private
688601,"袁敏民,佴东辉,周宝明,毛成烈,张亮,汤大勇,汪芳,汪东",private
688602,杨建华家族,private
688603,童茂军,private
688605,游利,private
688606,"高飞,赵华芳",private
688607,"JIANQIANG LIU,高鹏",private
688608,"汤晓冬,赵国光,Liang Zhang",private
688609,"詹启军,林榕",private
688610,董宁,private
688611,谢东,private
688612,万仁春,private
688613,"胡刚,崔福斋,黄晚兰",private
688615,镇立新,private
688616,宋毅然,private
688617,"成正辉,成灵",private
688618,"熊伟,陶陶",private
688619,陈延行,private
688620,,no_controller
688621,利虔,private
688622,"周振,傅忠",private
688623,郑建,private
688625,赵文林,private
688626,"何永正,郭军玲",private
688627,张滨,private
688628,"洪少林,洪少俊,吴美玉,洪佳宁",private
688629,绵阳市国有资产监督管理委员会,state
688630,程卓,private
688631,国务院国有资产监督管理委员会,state
688633,"张艺,钱淑娟",private
688635,李进延,private
688636,"王勇,张跃",private
688638,"宋春响,袁纯全,张汉洪",private
688639,郭恒华,private
688646,吴轩,private
688648,中华人民共和国财政部,private
688651,权晓文,private
688652,北京市人民政府国有资产监督管理委员会,state
688653,"彭宇红,赵奂,PING PENG",private
688655,马卓,private
688656,"WEIJUN LI,陈涛,JOHN LI",private
688657,胡立新,private
688658,"于伟仕,马桂英",private
688659,"徐辉,梁燕",private
688660,上海市国有资产监督管理委员会,state
688661,骆兴顺,private
688662,"刘富林,刘富坤",private
688663,山东省人民政府国有资产监督管理委员会,state
688665,"熊友辉,董宇",private
688667,"王和平,龚本和",private
688668,"王成海,罗宏霞",private
688669,"陈钢,杨正高",private
688670,"张良斌,余军",private
688671,何愿平,private
688676,"李志远,靖宇清",private
688677,郑安民,private
688678,"许雅筑,许惠钧,洪水锦",private
688679,杨明,private
688680,"李民,李晓昱",private
688681,徐丙垠,private
688682,周建华,private
688683,伍仲乾,private
688685,张友志,private
688686,"卢治临,卢盛林",private
688687,"周德胜,邓闰陆,张春丽,赫崇飞,潘海",private
688689,杨森茂,private
688690,"江必旺,陈荣姬",private
688691,,no_controller
688692,冯裕才,private
688693,丁国华,private
688695,"景新海,程建平",private
688696,钟波,private
688697,"陆斌,程章文,王保庆,席超",private
688698,胡智勇,private
688699,王乐康,private
688700,刘建波,private
688701,卓未龙,private
688702,,no_controller
688707,国务院国有资产监督管理委员会,state
688708,邓龙江,private
688709,国务院国有资产监督管理委员会,state
688710,国务院国资委,state
688711,赵善麒,private
688712,宋亮,private
688716,谢怀杰,private
688717,"李新富,李国妹",private
688718,谢建新,private
688719,"白小青,王琳",private
688720,"张兵,蔡卡敦",private
688721,"叶小龙,柯汉奇,张道谷",private
688722,国务院国有资产监督管理委员会,state
688726,林佳继,private
688727,易荣坤,private
688728,"赵立新,曹维",private
688729,北京经济技术开发区财政审计局,private
688733,"蒋学鑫,王亚娟",private
688737,陈启章,private
688739,辽宁省国资委,state
688750,湖南省人民政府国有资产监督管理委员会,state
688755,张大兵,private
688757,李晓旻,private
688758,黄学英,private
688759,钱长庚,private
688765,杨代常,private
688766,"王楠,李兆桂",private
688767,"陈音龙,于秀萍,陈宇杰",private
688768,"聂卫华,贾维银",private
688772,徐延铭,private
688775,刘靖康,private
688776,"张亚,周文梅",private
688777,褚健,private
688778,福建省人民政府国有资产监督管理委员会,state
688779,国务院国有资产监督管理委员会,state
688781,顾铁,private
688783,"王东升,米鹏,杨新元,刘还平",private
688785,乐卫平,private
688786,"李上奎,李博",private
688787,贺琳,private
688788,刘建德,private
688789,金小团,private
688790,钱永学,private
688793,马学军,private
688795,张建中,private
688796,,no_controller
688797,王兵,private
688798,孙洪军,private
688799,黄本东,private
688800,吴世均,private
688802,陈维良,private
688805,"许建益,许卉,许电波",private
688806,"HUAXIN LIAO,郑伟宏",private
688807,"柯炳粦,柯腾隆",private
688808,"胡海洋,黄建军,杨建",private
688809,周明,private
688811,国务院国有资产监督管理委员会,state
688813,陕西省财政厅,private
688816,郭寅,private
688818,国务院国有资产监督管理委员会,state
688819,张天任,private
688820,,no_controller
688825,,no_controller
688826,张磊,private
688828,"荣星,贺羽",private
688836,王兴兴,private
688981,,no_controller
689009,"王野,高禄峰",private
